Date,Close
2020-01-02 00:00:00+00:00,184.885009765625
2020-01-03 00:00:00+00:00,182.98825073242188
2020-01-06 00:00:00+00:00,180.67218017578125
2020-01-07 00:00:00+00:00,182.8284912109375
2020-01-08 00:00:00+00:00,181.73036193847656
2020-01-09 00:00:00+00:00,182.54898071289062
2020-01-10 00:00:00+00:00,180.69215393066406
2020-01-13 00:00:00+00:00,181.3709716796875
2020-01-14 00:00:00+00:00,180.69215393066406
2020-01-15 00:00:00+00:00,178.19639587402344
2020-01-16 00:00:00+00:00,176.49929809570312
2020-01-17 00:00:00+00:00,174.94192504882812
2020-01-20 00:00:00+00:00,174.7023468017578
2020-01-21 00:00:00+00:00,174.10337829589844
2020-01-22 00:00:00+00:00,174.46275329589844
2020-01-23 00:00:00+00:00,171.20828247070312
2020-01-24 00:00:00+00:00,173.14503479003906
2020-01-27 00:00:00+00:00,170.38970947265625
2020-01-28 00:00:00+00:00,171.72740173339844
2020-01-29 00:00:00+00:00,171.72740173339844
2020-01-30 00:00:00+00:00,171.20828247070312
2020-01-31 00:00:00+00:00,167.71424865722656
2020-02-03 00:00:00+00:00,169.39138793945312
2020-02-04 00:00:00+00:00,171.70745849609375
2020-02-05 00:00:00+00:00,172.66583251953125
2020-02-06 00:00:00+00:00,176.41944885253906
2020-02-07 00:00:00+00:00,176.85867309570312
2020-02-10 00:00:00+00:00,176.59913635253906
2020-02-11 00:00:00+00:00,178.71551513671875
2020-02-12 00:00:00+00:00,179.0349578857422
2020-02-13 00:00:00+00:00,176.02011108398438
2020-02-14 00:00:00+00:00,175.6207733154297
2020-02-17 00:00:00+00:00,177.39776611328125
2020-02-18 00:00:00+00:00,174.78219604492188
2020-02-19 00:00:00+00:00,176.43939208984375
2020-02-20 00:00:00+00:00,181.0115966796875
2020-02-21 00:00:00+00:00,179.31448364257812
2020-02-24 00:00:00+00:00,169.73080444335938
2020-02-25 00:00:00+00:00,165.57789611816406
2020-02-26 00:00:00+00:00,165.65777587890625
2020-02-27 00:00:00+00:00,154.1773223876953
2020-02-28 00:00:00+00:00,148.48703002929688
2020-03-02 00:00:00+00:00,143.05625915527344
2020-03-03 00:00:00+00:00,139.32264709472656
2020-03-04 00:00:00+00:00,138.3043670654297
2020-03-05 00:00:00+00:00,134.450927734375
2020-03-06 00:00:00+00:00,130.71726989746094
2020-03-09 00:00:00+00:00,117.89912414550781
2020-03-10 00:00:00+00:00,116.64128112792969
2020-03-11 00:00:00+00:00,117.73941040039062
2020-03-12 00:00:00+00:00,97.3541259765625
2020-03-13 00:00:00+00:00,102.20586395263672
2020-03-16 00:00:00+00:00,88.90851593017578
2020-03-17 00:00:00+00:00,87.61072540283203
2020-03-18 00:00:00+00:00,83.0584945678711
2020-03-19 00:00:00+00:00,83.59756469726562
2020-03-20 00:00:00+00:00,88.86858367919922
2020-03-23 00:00:00+00:00,84.5559310913086
2020-03-24 00:00:00+00:00,95.85668182373047
2020-03-25 00:00:00+00:00,105.60008239746094
2020-03-26 00:00:00+00:00,107.79634857177734
2020-03-27 00:00:00+00:00,97.20439147949219
2020-03-30 00:00:00+01:00,93.84011840820312
2020-03-31 00:00:00+01:00,93.94992065429688
2020-04-01 00:00:00+01:00,82.71907043457031
2020-04-02 00:00:00+01:00,81.48119354248047
2020-04-03 00:00:00+01:00,80.103515625
2020-04-06 00:00:00+01:00,86.41276550292969
2020-04-07 00:00:00+01:00,94.6287841796875
2020-04-08 00:00:00+01:00,92.49241638183594
2020-04-09 00:00:00+01:00,97.41402435302734
2020-04-14 00:00:00+01:00,93.39088439941406
2020-04-15 00:00:00+01:00,86.85202026367188
2020-04-16 00:00:00+01:00,86.93189239501953
2020-04-17 00:00:00+01:00,90.55571746826172
2020-04-20 00:00:00+01:00,90.85521697998047
2020-04-21 00:00:00+01:00,86.36286163330078
2020-04-22 00:00:00+01:00,87.55083465576172
2020-04-23 00:00:00+01:00,90.44588470458984
2020-04-24 00:00:00+01:00,88.45928955078125
2020-04-27 00:00:00+01:00,90.90511322021484
2020-04-28 00:00:00+01:00,97.59373474121094
2020-04-29 00:00:00+01:00,109.99259948730469
2020-04-30 00:00:00+01:00,105.7198715209961
2020-05-01 00:00:00+01:00,102.56523895263672
2020-05-04 00:00:00+01:00,99.51046752929688
2020-05-05 00:00:00+01:00,103.22413635253906
2020-05-06 00:00:00+01:00,100.68844604492188
2020-05-07 00:00:00+01:00,105.2406997680664
2020-05-11 00:00:00+01:00,102.42549133300781
2020-05-12 00:00:00+01:00,101.82649993896484
2020-05-13 00:00:00+01:00,97.84329986572266
2020-05-14 00:00:00+01:00,96.97477722167969
2020-05-15 00:00:00+01:00,97.28424835205078
2020-05-18 00:00:00+01:00,105.02107238769531
2020-05-19 00:00:00+01:00,104.54188537597656
2020-05-20 00:00:00+01:00,106.5384750366211
2020-05-21 00:00:00+01:00,103.74324035644531
2020-05-22 00:00:00+01:00,102.9645767211914
2020-05-26 00:00:00+01:00,110.5915756225586
2020-05-27 00:00:00+01:00,119.63616180419922
2020-05-28 00:00:00+01:00,122.41143798828125
2020-05-29 00:00:00+01:00,115.04399108886719
2020-06-01 00:00:00+01:00,120.57455444335938
2020-06-02 00:00:00+01:00,119.2967529296875
2020-06-03 00:00:00+01:00,125.10684204101562
2020-06-04 00:00:00+01:00,123.30990600585938
2020-06-05 00:00:00+01:00,131.176513671875
2020-06-08 00:00:00+01:00,131.57583618164062
2020-06-09 00:00:00+01:00,125.0669174194336
2020-06-10 00:00:00+01:00,123.7890853881836
2020-06-11 00:00:00+01:00,114.80439758300781
2020-06-12 00:00:00+01:00,116.86088562011719
2020-06-15 00:00:00+01:00,115.90252685546875
2020-06-16 00:00:00+01:00,122.47134399414062
2020-06-17 00:00:00+01:00,119.17694854736328
2020-06-18 00:00:00+01:00,118.43820190429688
2020-06-19 00:00:00+01:00,116.36174774169922
2020-06-22 00:00:00+01:00,115.10387420654297
2020-06-23 00:00:00+01:00,116.70117950439453
2020-06-24 00:00:00+01:00,111.66973876953125
2020-06-25 00:00:00+01:00,112.428466796875
2020-06-26 00:00:00+01:00,110.79124450683594
2020-06-29 00:00:00+01:00,114.30525207519531
2020-06-30 00:00:00+01:00,114.22538757324219
2020-07-01 00:00:00+01:00,113.34687805175781
2020-07-02 00:00:00+01:00,117.699462890625
2020-07-03 00:00:00+01:00,115.52317810058594
2020-07-06 00:00:00+01:00,117.10050201416016
2020-07-07 00:00:00+01:00,114.76445770263672
2020-07-08 00:00:00+01:00,114.2054214477539
2020-07-09 00:00:00+01:00,111.76956176757812
2020-07-10 00:00:00+01:00,117.55972290039062
2020-07-13 00:00:00+01:00,119.35663604736328
2020-07-14 00:00:00+01:00,119.15697479248047
2020-07-15 00:00:00+01:00,120.09539031982422
2020-07-16 00:00:00+01:00,118.37831115722656
2020-07-17 00:00:00+01:00,116.20201873779297
2020-07-20 00:00:00+01:00,116.02232360839844
2020-07-21 00:00:00+01:00,116.44161224365234
2020-07-22 00:00:00+01:00,117.22029876708984
2020-07-23 00:00:00+01:00,116.26191711425781
2020-07-24 00:00:00+01:00,113.40677642822266
2020-07-27 00:00:00+01:00,110.81120300292969
2020-07-28 00:00:00+01:00,111.66973876953125
2020-07-29 00:00:00+01:00,104.84136962890625
2020-07-30 00:00:00+01:00,100.60858917236328
2020-07-31 00:00:00+01:00,100.38896942138672
2020-08-03 00:00:00+01:00,103.6434326171875
2020-08-04 00:00:00+01:00,105.12090301513672
2020-08-05 00:00:00+01:00,107.15743255615234
2020-08-06 00:00:00+01:00,105.65998840332031
2020-08-07 00:00:00+01:00,104.42208862304688
2020-08-10 00:00:00+01:00,106.45861053466797
2020-08-11 00:00:00+01:00,111.56991577148438
2020-08-12 00:00:00+01:00,111.31035614013672
2020-08-13 00:00:00+01:00,107.89618682861328
2020-08-14 00:00:00+01:00,109.01426696777344
2020-08-17 00:00:00+01:00,107.75640869140625
2020-08-18 00:00:00+01:00,107.93610382080078
2020-08-19 00:00:00+01:00,110.0125503540039
2020-08-20 00:00:00+01:00,107.39701843261719
2020-08-21 00:00:00+01:00,107.8163070678711
2020-08-24 00:00:00+01:00,110.21223449707031
2020-08-25 00:00:00+01:00,108.95436096191406
2020-08-26 00:00:00+01:00,110.21223449707031
2020-08-27 00:00:00+01:00,110.35197448730469
2020-08-28 00:00:00+01:00,111.76956176757812
2020-09-01 00:00:00+01:00,105.7198715209961
2020-09-02 00:00:00+01:00,103.32394409179688
2020-09-03 00:00:00+01:00,105.38044738769531
2020-09-04 00:00:00+01:00,106.69821166992188
2020-09-07 00:00:00+01:00,106.75811767578125
2020-09-08 00:00:00+01:00,104.1026382446289
2020-09-09 00:00:00+01:00,104.70161437988281
2020-09-10 00:00:00+01:00,104.86135864257812
2020-09-11 00:00:00+01:00,102.44546508789062
2020-09-14 00:00:00+01:00,103.44376373291016
2020-09-15 00:00:00+01:00,102.46542358398438
2020-09-16 00:00:00+01:00,102.7848892211914
2020-09-17 00:00:00+01:00,100.36901092529297
2020-09-18 00:00:00+01:00,97.25431060791016
2020-09-21 00:00:00+01:00,92.00325012207031
2020-09-22 00:00:00+01:00,91.81356048583984
2020-09-23 00:00:00+01:00,92.74198913574219
2020-09-24 00:00:00+01:00,92.71204376220703
2020-09-25 00:00:00+01:00,91.394287109375
2020-09-28 00:00:00+01:00,97.83332061767578
2020-09-29 00:00:00+01:00,97.08458709716797
2020-09-30 00:00:00+01:00,97.44398498535156
2020-10-01 00:00:00+01:00,97.83332061767578
2020-10-02 00:00:00+01:00,97.54381561279297
2020-10-05 00:00:00+01:00,99.28084564208984
2020-10-06 00:00:00+01:00,104.00281524658203
2020-10-07 00:00:00+01:00,104.32225799560547
2020-10-08 00:00:00+01:00,106.9178466796875
2020-10-09 00:00:00+01:00,107.0975341796875
2020-10-12 00:00:00+01:00,105.65998840332031
2020-10-13 00:00:00+01:00,101.92633819580078
2020-10-14 00:00:00+01:00,101.36729431152344
2020-10-15 00:00:00+01:00,99.94970703125
2020-10-16 00:00:00+01:00,101.62686157226562
2020-10-19 00:00:00+01:00,103.18421173095703
2020-10-20 00:00:00+01:00,104.14256286621094
2020-10-21 00:00:00+01:00,102.5452880859375
2020-10-22 00:00:00+01:00,104.1026382446289
2020-10-23 00:00:00+01:00,111.35029602050781
2020-10-26 00:00:00+00:00,110.33202362060547
2020-10-27 00:00:00+00:00,106.41869354248047
2020-10-28 00:00:00+00:00,103.62344360351562
2020-10-29 00:00:00+00:00,104.48198699951172
2020-10-30 00:00:00+00:00,106.37875366210938
2020-11-02 00:00:00+00:00,106.85794067382812
2020-11-03 00:00:00+00:00,113.16719818115234
2020-11-04 00:00:00+00:00,110.1922607421875
2020-11-05 00:00:00+00:00,109.9726333618164
2020-11-06 00:00:00+00:00,110.75131225585938
2020-11-09 00:00:00+00:00,128.32135009765625
2020-11-10 00:00:00+00:00,134.17138671875
2020-11-11 00:00:00+00:00,135.28952026367188
2020-11-12 00:00:00+00:00,132.13487243652344
2020-11-13 00:00:00+00:00,133.9318389892578
2020-11-16 00:00:00+00:00,138.54393005371094
2020-11-17 00:00:00+00:00,138.1645965576172
2020-11-18 00:00:00+00:00,141.3591766357422
2020-11-19 00:00:00+00:00,138.70367431640625
2020-11-20 00:00:00+00:00,137.5256805419922
2020-11-23 00:00:00+00:00,139.9615478515625
2020-11-24 00:00:00+00:00,149.94451904296875
2020-11-25 00:00:00+00:00,143.1560821533203
2020-11-26 00:00:00+00:00,140.86000061035156
2020-11-27 00:00:00+00:00,139.26272583007812
2020-11-30 00:00:00+00:00,134.3311309814453
2020-12-01 00:00:00+00:00,142.9963836669922
2020-12-02 00:00:00+00:00,146.69009399414062
2020-12-03 00:00:00+00:00,148.30734252929688
2020-12-04 00:00:00+00:00,148.36720275878906
2020-12-07 00:00:00+00:00,146.01124572753906
2020-12-08 00:00:00+00:00,146.11105346679688
2020-12-09 00:00:00+00:00,145.65182495117188
2020-12-10 00:00:00+00:00,141.51889038085938
2020-12-11 00:00:00+00:00,135.82858276367188
2020-12-14 00:00:00+00:00,142.1178436279297
2020-12-15 00:00:00+00:00,144.45388793945312
2020-12-16 00:00:00+00:00,143.95472717285156
2020-12-17 00:00:00+00:00,145.29246520996094
2020-12-18 00:00:00+00:00,144.75338745117188
2020-12-21 00:00:00+00:00,141.01976013183594
2020-12-22 00:00:00+00:00,145.73170471191406
2020-12-23 00:00:00+00:00,151.56178283691406
2020-12-24 00:00:00+00:00,154.33702087402344
2020-12-29 00:00:00+00:00,149.02609252929688
2020-12-30 00:00:00+00:00,148.62677001953125
2020-12-31 00:00:00+00:00,146.43052673339844
2021-01-04 00:00:00+00:00,143.27590942382812
2021-01-05 00:00:00+00:00,142.9564208984375
2021-01-06 00:00:00+00:00,154.7762908935547
2021-01-07 00:00:00+00:00,155.85446166992188
2021-01-08 00:00:00+00:00,152.65989685058594
2021-01-11 00:00:00+00:00,150.9428253173828
2021-01-12 00:00:00+00:00,153.9776611328125
2021-01-13 00:00:00+00:00,152.10086059570312
2021-01-14 00:00:00+00:00,152.59999084472656
2021-01-15 00:00:00+00:00,148.54690551757812
2021-01-18 00:00:00+00:00,151.06265258789062
2021-01-19 00:00:00+00:00,146.6102294921875
2021-01-20 00:00:00+00:00,146.07113647460938
2021-01-21 00:00:00+00:00,144.55369567871094
2021-01-22 00:00:00+00:00,142.816650390625
2021-01-25 00:00:00+00:00,136.88677978515625
2021-01-26 00:00:00+00:00,139.20285034179688
2021-01-27 00:00:00+00:00,134.091552734375
2021-01-28 00:00:00+00:00,136.34771728515625
2021-01-29 00:00:00+00:00,133.3128662109375
2021-02-01 00:00:00+00:00,134.6106719970703
2021-02-02 00:00:00+00:00,139.94158935546875
2021-02-03 00:00:00+00:00,141.55882263183594
2021-02-04 00:00:00+00:00,145.53207397460938
2021-02-05 00:00:00+00:00,146.9696044921875
2021-02-08 00:00:00+00:00,147.22915649414062
2021-02-09 00:00:00+00:00,147.44876098632812
2021-02-10 00:00:00+00:00,147.42881774902344
2021-02-11 00:00:00+00:00,145.7117462158203
2021-02-12 00:00:00+00:00,145.65182495117188
2021-02-15 00:00:00+00:00,153.69818115234375
2021-02-16 00:00:00+00:00,155.29541015625
2021-02-17 00:00:00+00:00,154.09742736816406
2021-02-18 00:00:00+00:00,147.2490997314453
2021-02-19 00:00:00+00:00,153.37869262695312
2021-02-22 00:00:00+00:00,153.9976043701172
2021-02-23 00:00:00+00:00,158.90924072265625
2021-02-24 00:00:00+00:00,164.30006408691406
2021-02-25 00:00:00+00:00,162.27337646484375
2021-02-26 00:00:00+00:00,159.33822631835938
2021-03-01 00:00:00+00:00,161.0753936767578
2021-03-02 00:00:00+00:00,161.95394897460938
2021-03-03 00:00:00+00:00,170.06057739257812
2021-03-04 00:00:00+00:00,166.3866424560547
2021-03-05 00:00:00+00:00,171.298583984375
2021-03-08 00:00:00+00:00,177.628173828125
2021-03-09 00:00:00+00:00,175.49166870117188
2021-03-10 00:00:00+00:00,173.714599609375
2021-03-11 00:00:00+00:00,173.97415161132812
2021-03-12 00:00:00+00:00,180.3037872314453
2021-03-15 00:00:00+00:00,179.98428344726562
2021-03-16 00:00:00+00:00,182.71981811523438
2021-03-17 00:00:00+00:00,181.02259826660156
2021-03-18 00:00:00+00:00,183.49853515625
2021-03-19 00:00:00+00:00,182.30050659179688
2021-03-22 00:00:00+00:00,180.6631622314453
2021-03-23 00:00:00+00:00,180.7830047607422
2021-03-24 00:00:00+00:00,183.91783142089844
2021-03-25 00:00:00+00:00,181.74139404296875
2021-03-26 00:00:00+00:00,182.659912109375
2021-03-29 00:00:00+01:00,180.08412170410156
2021-03-30 00:00:00+01:00,188.8297576904297
2021-03-31 00:00:00+01:00,185.6150360107422
2021-04-01 00:00:00+01:00,183.6981964111328
2021-04-06 00:00:00+01:00,185.27560424804688
2021-04-07 00:00:00+01:00,187.05270385742188
2021-04-08 00:00:00+01:00,187.67164611816406
2021-04-09 00:00:00+01:00,185.39541625976562
2021-04-12 00:00:00+01:00,187.77151489257812
2021-04-13 00:00:00+01:00,186.5135955810547
2021-04-14 00:00:00+01:00,187.2723388671875
2021-04-15 00:00:00+01:00,184.33714294433594
2021-04-16 00:00:00+01:00,188.86968994140625
2021-04-19 00:00:00+01:00,187.37217712402344
2021-04-20 00:00:00+01:00,181.50180053710938
2021-04-21 00:00:00+01:00,180.4435577392578
2021-04-22 00:00:00+01:00,182.02096557617188
2021-04-23 00:00:00+01:00,181.68150329589844
2021-04-26 00:00:00+01:00,185.77481079101562
2021-04-27 00:00:00+01:00,186.19407653808594
2021-04-28 00:00:00+01:00,188.6500701904297
2021-04-29 00:00:00+01:00,188.4104766845703
2021-04-30 00:00:00+01:00,175.21214294433594
2021-05-04 00:00:00+01:00,170.61968994140625
2021-05-05 00:00:00+01:00,176.47007751464844
2021-05-06 00:00:00+01:00,176.80950927734375
2021-05-07 00:00:00+01:00,181.24220275878906
2021-05-10 00:00:00+01:00,185.15582275390625
2021-05-11 00:00:00+01:00,179.70477294921875
2021-05-12 00:00:00+01:00,181.16236877441406
2021-05-13 00:00:00+01:00,177.90768432617188
2021-05-14 00:00:00+01:00,180.40362548828125
2021-05-17 00:00:00+01:00,178.926025390625
2021-05-18 00:00:00+01:00,179.96432495117188
2021-05-19 00:00:00+01:00,177.7879180908203
2021-05-20 00:00:00+01:00,178.58657836914062
2021-05-21 00:00:00+01:00,178.72637939453125
2021-05-24 00:00:00+01:00,179.38526916503906
2021-05-25 00:00:00+01:00,179.3453369140625
2021-05-26 00:00:00+01:00,178.96595764160156
2021-05-27 00:00:00+01:00,183.39869689941406
2021-05-28 00:00:00+01:00,182.7996826171875
2021-06-01 00:00:00+01:00,185.27560424804688
2021-06-02 00:00:00+01:00,186.1342010498047
2021-06-03 00:00:00+01:00,186.0343475341797
2021-06-04 00:00:00+01:00,183.6582794189453
2021-06-07 00:00:00+01:00,186.67330932617188
2021-06-08 00:00:00+01:00,184.85629272460938
2021-06-09 00:00:00+01:00,180.2039337158203
2021-06-10 00:00:00+01:00,178.7662811279297
2021-06-11 00:00:00+01:00,180.10411071777344
2021-06-14 00:00:00+01:00,179.10572814941406
2021-06-15 00:00:00+01:00,178.926025390625
2021-06-16 00:00:00+01:00,176.82948303222656
2021-06-17 00:00:00+01:00,178.52670288085938
2021-06-18 00:00:00+01:00,171.5780792236328
2021-06-21 00:00:00+01:00,172.65634155273438
2021-06-22 00:00:00+01:00,172.25698852539062
2021-06-23 00:00:00+01:00,172.5165557861328
2021-06-24 00:00:00+01:00,174.1139373779297
2021-06-25 00:00:00+01:00,174.55320739746094
2021-06-28 00:00:00+01:00,171.2386474609375
2021-06-29 00:00:00+01:00,172.91592407226562
2021-06-30 00:00:00+01:00,170.83932495117188
2021-07-01 00:00:00+01:00,175.01248168945312
2021-07-02 00:00:00+01:00,172.0772705078125
2021-07-05 00:00:00+01:00,177.40853881835938
2021-07-06 00:00:00+01:00,171.2386474609375
2021-07-07 00:00:00+01:00,172.21707153320312
2021-07-08 00:00:00+01:00,167.36502075195312
2021-07-09 00:00:00+01:00,173.07566833496094
2021-07-12 00:00:00+01:00,172.43670654296875
2021-07-13 00:00:00+01:00,169.7211456298828
2021-07-14 00:00:00+01:00,170.41998291015625
2021-07-15 00:00:00+01:00,168.84259033203125
2021-07-16 00:00:00+01:00,165.14866638183594
2021-07-19 00:00:00+01:00,159.0586700439453
2021-07-20 00:00:00+01:00,161.3948516845703
2021-07-21 00:00:00+01:00,166.92576599121094
2021-07-22 00:00:00+01:00,165.048828125
2021-07-23 00:00:00+01:00,166.8458709716797
2021-07-26 00:00:00+01:00,169.1620635986328
2021-07-27 00:00:00+01:00,169.10218811035156
2021-07-28 00:00:00+01:00,172.4766387939453
2021-07-29 00:00:00+01:00,175.9309539794922
2021-07-30 00:00:00+01:00,174.21376037597656
2021-08-02 00:00:00+01:00,175.61146545410156
2021-08-03 00:00:00+01:00,176.0707244873047
2021-08-04 00:00:00+01:00,178.5466766357422
2021-08-05 00:00:00+01:00,179.42523193359375
2021-08-06 00:00:00+01:00,182.3603973388672
2021-08-09 00:00:00+01:00,184.0775909423828
2021-08-10 00:00:00+01:00,185.07594299316406
2021-08-11 00:00:00+01:00,186.19407653808594
2021-08-12 00:00:00+01:00,183.9774627685547
2021-08-13 00:00:00+01:00,184.81622314453125
2021-08-16 00:00:00+01:00,182.63955688476562
2021-08-17 00:00:00+01:00,181.9405975341797
2021-08-18 00:00:00+01:00,182.120361328125
2021-08-19 00:00:00+01:00,178.625732421875
2021-08-20 00:00:00+01:00,179.04507446289062
2021-08-23 00:00:00+01:00,180.32310485839844
2021-08-24 00:00:00+01:00,181.541259765625
2021-08-25 00:00:00+01:00,184.85614013671875
2021-08-26 00:00:00+01:00,184.257080078125
2021-08-27 00:00:00+01:00,185.51513671875
2021-08-31 00:00:00+01:00,184.6165008544922
2021-09-01 00:00:00+01:00,183.6979217529297
2021-09-02 00:00:00+01:00,185.19561767578125
2021-09-03 00:00:00+01:00,184.4168243408203
2021-09-06 00:00:00+01:00,185.31544494628906
2021-09-07 00:00:00+01:00,185.0957794189453
2021-09-08 00:00:00+01:00,182.1403045654297
2021-09-09 00:00:00+01:00,181.46136474609375
2021-09-10 00:00:00+01:00,179.98361206054688
2021-09-13 00:00:00+01:00,183.85769653320312
2021-09-14 00:00:00+01:00,180.66256713867188
2021-09-15 00:00:00+01:00,179.58425903320312
2021-09-16 00:00:00+01:00,182.41989135742188
2021-09-17 00:00:00+01:00,182.4398651123047
2021-09-20 00:00:00+01:00,174.65182495117188
2021-09-21 00:00:00+01:00,174.7516632080078
2021-09-22 00:00:00+01:00,180.94216918945312
2021-09-23 00:00:00+01:00,183.677978515625
2021-09-24 00:00:00+01:00,183.45828247070312
2021-09-27 00:00:00+01:00,187.49209594726562
2021-09-28 00:00:00+01:00,186.03433227539062
2021-09-29 00:00:00+01:00,187.49209594726562
2021-09-30 00:00:00+01:00,189.309326171875
2021-10-01 00:00:00+01:00,187.5919647216797
2021-10-04 00:00:00+01:00,186.99285888671875
2021-10-05 00:00:00+01:00,194.30165100097656
2021-10-06 00:00:00+01:00,191.6057586669922
2021-10-07 00:00:00+01:00,193.44296264648438
2021-10-08 00:00:00+01:00,194.86080932617188
2021-10-11 00:00:00+01:00,197.37692260742188
2021-10-12 00:00:00+01:00,197.15725708007812
2021-10-13 00:00:00+01:00,192.62420654296875
2021-10-14 00:00:00+01:00,194.10194396972656
2021-10-15 00:00:00+01:00,197.5167236328125
2021-10-18 00:00:00+01:00,199.1542205810547
2021-10-19 00:00:00+01:00,199.21409606933594
2021-10-20 00:00:00+01:00,198.13575744628906
2021-10-21 00:00:00+01:00,196.59811401367188
2021-10-22 00:00:00+01:00,198.5551300048828
2021-10-25 00:00:00+01:00,200.29244995117188
2021-10-26 00:00:00+01:00,202.4890899658203
2021-10-27 00:00:00+01:00,199.1542205810547
2021-10-28 00:00:00+01:00,198.9744873046875
2021-10-29 00:00:00+01:00,201.93991088867188
2021-11-01 00:00:00+00:00,200.5420684814453
2021-11-02 00:00:00+00:00,198.1557159423828
2021-11-03 00:00:00+00:00,199.21409606933594
2021-11-04 00:00:00+00:00,191.20640563964844
2021-11-05 00:00:00+00:00,192.08505249023438
2021-11-08 00:00:00+00:00,192.1449432373047
2021-11-09 00:00:00+00:00,189.7086944580078
2021-11-10 00:00:00+00:00,192.46446228027344
2021-11-11 00:00:00+00:00,196.29856872558594
2021-11-12 00:00:00+00:00,195.00057983398438
2021-11-15 00:00:00+00:00,195.6995086669922
2021-11-16 00:00:00+00:00,195.47982788085938
2021-11-17 00:00:00+00:00,195.39996337890625
2021-11-18 00:00:00+00:00,195.04049682617188
2021-11-19 00:00:00+00:00,190.66722106933594
2021-11-22 00:00:00+00:00,194.4414520263672
2021-11-23 00:00:00+00:00,193.48289489746094
2021-11-24 00:00:00+00:00,193.06353759765625
2021-11-25 00:00:00+00:00,195.2002716064453
2021-11-26 00:00:00+00:00,181.38150024414062
2021-11-29 00:00:00+00:00,182.9990234375
2021-11-30 00:00:00+00:00,183.93756103515625
2021-12-01 00:00:00+00:00,189.38919067382812
2021-12-02 00:00:00+00:00,186.95294189453125
2021-12-03 00:00:00+00:00,186.37380981445312
2021-12-06 00:00:00+00:00,186.77320861816406
2021-12-07 00:00:00+00:00,186.43374633789062
2021-12-08 00:00:00+00:00,185.61497497558594
2021-12-09 00:00:00+00:00,182.55967712402344
2021-12-10 00:00:00+00:00,182.22021484375
2021-12-13 00:00:00+00:00,177.86688232421875
2021-12-14 00:00:00+00:00,179.80392456054688
2021-12-15 00:00:00+00:00,176.20941162109375
2021-12-16 00:00:00+00:00,181.8607635498047
2021-12-17 00:00:00+00:00,180.562744140625
2021-12-20 00:00:00+00:00,178.32618713378906
2021-12-21 00:00:00+00:00,183.9774627685547
2021-12-22 00:00:00+00:00,185.55506896972656
2021-12-23 00:00:00+00:00,187.11268615722656
2021-12-24 00:00:00+00:00,187.15261840820312
2021-12-29 00:00:00+00:00,188.2110137939453
2021-12-30 00:00:00+00:00,187.77166748046875
2021-12-31 00:00:00+00:00,186.71328735351562
2022-01-04 00:00:00+00:00,196.35850524902344
2022-01-05 00:00:00+00:00,197.61654663085938
2022-01-06 00:00:00+00:00,200.14266967773438
2022-01-07 00:00:00+00:00,204.93531799316406
2022-01-10 00:00:00+00:00,207.58123779296875
2022-01-11 00:00:00+00:00,206.68263244628906
2022-01-12 00:00:00+00:00,211.4752655029297
2022-01-13 00:00:00+00:00,216.76715087890625
2022-01-14 00:00:00+00:00,215.16958618164062
2022-01-17 00:00:00+00:00,214.47064208984375
2022-01-18 00:00:00+00:00,209.4783477783203
2022-01-19 00:00:00+00:00,206.6327362060547
2022-01-20 00:00:00+00:00,205.23487854003906
2022-01-21 00:00:00+00:00,198.93453979492188
2022-01-24 00:00:00+00:00,190.06817626953125
2022-01-25 00:00:00+00:00,196.39842224121094
2022-01-26 00:00:00+00:00,201.88998413085938
2022-01-27 00:00:00+00:00,203.23794555664062
2022-01-28 00:00:00+00:00,196.57815551757812
2022-01-31 00:00:00+00:00,196.91763305664062
2022-02-01 00:00:00+00:00,200.79168701171875
2022-02-02 00:00:00+00:00,202.73867797851562
2022-02-03 00:00:00+00:00,204.1365509033203
2022-02-04 00:00:00+00:00,200.29244995117188
2022-02-07 00:00:00+00:00,204.68569946289062
2022-02-08 00:00:00+00:00,205.8838653564453
2022-02-09 00:00:00+00:00,207.6811065673828
2022-02-10 00:00:00+00:00,208.33009338378906
2022-02-11 00:00:00+00:00,205.78402709960938
2022-02-14 00:00:00+00:00,195.2601776123047
2022-02-15 00:00:00+00:00,198.1557159423828
2022-02-16 00:00:00+00:00,195.6995086669922
2022-02-17 00:00:00+00:00,192.3446502685547
2022-02-18 00:00:00+00:00,190.866943359375
2022-02-21 00:00:00+00:00,191.14649963378906
2022-02-22 00:00:00+00:00,189.86846923828125
2022-02-23 00:00:00+00:00,195.67953491210938
2022-02-24 00:00:00+00:00,179.1249542236328
2022-02-25 00:00:00+00:00,188.61036682128906
2022-02-28 00:00:00+00:00,182.59962463378906
2022-03-01 00:00:00+00:00,172.95443725585938
2022-03-02 00:00:00+00:00,176.688720703125
2022-03-03 00:00:00+00:00,168.71913146972656
2022-03-04 00:00:00+00:00,156.59500122070312
2022-03-07 00:00:00+00:00,151.42176818847656
2022-03-08 00:00:00+00:00,152.06094360351562
2022-03-09 00:00:00+00:00,161.58843994140625
2022-03-10 00:00:00+00:00,157.57369995117188
2022-03-11 00:00:00+00:00,160.88937377929688
2022-03-14 00:00:00+00:00,169.77774047851562
2022-03-15 00:00:00+00:00,167.94015502929688
2022-03-16 00:00:00+00:00,174.9309844970703
2022-03-17 00:00:00+00:00,171.4954833984375
2022-03-18 00:00:00+00:00,170.3569793701172
2022-03-21 00:00:00+00:00,168.27969360351562
2022-03-22 00:00:00+00:00,172.6339874267578
2022-03-23 00:00:00+00:00,169.77774047851562
2022-03-24 00:00:00+00:00,168.11990356445312
2022-03-25 00:00:00+00:00,167.08126831054688
2022-03-28 00:00:00+01:00,160.2701873779297
2022-03-29 00:00:00+01:00,156.2354736328125
2022-03-30 00:00:00+01:00,151.24197387695312
2022-03-31 00:00:00+01:00,148.1061248779297
2022-04-01 00:00:00+01:00,146.84776306152344
2022-04-04 00:00:00+01:00,146.10873413085938
2022-04-05 00:00:00+01:00,146.8078155517578
2022-04-06 00:00:00+01:00,143.15261840820312
2022-04-07 00:00:00+01:00,140.3961944580078
2022-04-08 00:00:00+01:00,144.4109649658203
2022-04-11 00:00:00+01:00,144.75051879882812
2022-04-12 00:00:00+01:00,143.07269287109375
2022-04-13 00:00:00+01:00,144.0714111328125
2022-04-14 00:00:00+01:00,145.66929626464844
2022-04-19 00:00:00+01:00,145.50949096679688
2022-04-20 00:00:00+01:00,148.68536376953125
2022-04-21 00:00:00+01:00,149.86380004882812
2022-04-22 00:00:00+01:00,146.50819396972656
2022-04-25 00:00:00+01:00,143.99148559570312
2022-04-26 00:00:00+01:00,142.79307556152344
2022-04-27 00:00:00+01:00,141.73443603515625
2022-04-28 00:00:00+01:00,146.10873413085938
2022-04-29 00:00:00+01:00,148.00624084472656
2022-05-03 00:00:00+01:00,150.8025665283203
2022-05-04 00:00:00+01:00,150.3631591796875
2022-05-05 00:00:00+01:00,149.62413024902344
2022-05-06 00:00:00+01:00,148.4456787109375
2022-05-09 00:00:00+01:00,145.7891387939453
2022-05-10 00:00:00+01:00,143.4521942138672
2022-05-11 00:00:00+01:00,147.107421875
2022-05-12 00:00:00+01:00,145.74920654296875
2022-05-13 00:00:00+01:00,150.16342163085938
2022-05-16 00:00:00+01:00,151.5016632080078
2022-05-17 00:00:00+01:00,155.65623474121094
2022-05-18 00:00:00+01:00,154.99708557128906
2022-05-19 00:00:00+01:00,153.07960510253906
2022-05-20 00:00:00+01:00,152.5203094482422
2022-05-23 00:00:00+01:00,157.53378295898438
2022-05-24 00:00:00+01:00,162.5671844482422
2022-05-25 00:00:00+01:00,163.66575622558594
2022-05-26 00:00:00+01:00,167.4607696533203
2022-05-27 00:00:00+01:00,170.15724182128906
2022-05-30 00:00:00+01:00,170.9961700439453
2022-05-31 00:00:00+01:00,168.8389434814453
2022-06-01 00:00:00+01:00,167.58059692382812
2022-06-06 00:00:00+01:00,171.13597106933594
2022-06-07 00:00:00+01:00,168.77903747558594
2022-06-08 00:00:00+01:00,168.33961486816406
2022-06-09 00:00:00+01:00,165.7030792236328
2022-06-10 00:00:00+01:00,159.59107971191406
2022-06-13 00:00:00+01:00,155.8759307861328
2022-06-14 00:00:00+01:00,156.55503845214844
2022-06-15 00:00:00+01:00,160.5498046875
2022-06-16 00:00:00+01:00,153.43910217285156
2022-06-17 00:00:00+01:00,155.71615600585938
2022-06-20 00:00:00+01:00,159.91064453125
2022-06-21 00:00:00+01:00,160.2102508544922
2022-06-22 00:00:00+01:00,161.12905883789062
2022-06-23 00:00:00+01:00,153.8785400390625
2022-06-24 00:00:00+01:00,158.73219299316406
2022-06-27 00:00:00+01:00,158.43258666992188
2022-06-28 00:00:00+01:00,159.81080627441406
2022-06-29 00:00:00+01:00,156.55503845214844
2022-06-30 00:00:00+01:00,152.91981506347656
2022-07-01 00:00:00+01:00,152.9997100830078
2022-07-04 00:00:00+01:00,155.31666564941406
2022-07-05 00:00:00+01:00,147.28717041015625
2022-07-06 00:00:00+01:00,146.66798400878906
2022-07-07 00:00:00+01:00,150.82254028320312
2022-07-08 00:00:00+01:00,151.76133728027344
2022-07-11 00:00:00+01:00,150.8025665283203
2022-07-12 00:00:00+01:00,151.94107055664062
2022-07-13 00:00:00+01:00,149.02491760253906
2022-07-14 00:00:00+01:00,145.3497314453125
2022-07-15 00:00:00+01:00,150.10348510742188
2022-07-18 00:00:00+01:00,154.0183563232422
2022-07-19 00:00:00+01:00,158.0131378173828
2022-07-20 00:00:00+01:00,157.4339141845703
2022-07-21 00:00:00+01:00,158.75218200683594
2022-07-22 00:00:00+01:00,157.63363647460938
2022-07-25 00:00:00+01:00,160.5098876953125
2022-07-26 00:00:00+01:00,156.67491149902344
2022-07-27 00:00:00+01:00,157.4539031982422
2022-07-28 00:00:00+01:00,150.14344787597656
2022-07-29 00:00:00+01:00,156.9744873046875
2022-08-01 00:00:00+01:00,159.59107971191406
2022-08-02 00:00:00+01:00,159.81080627441406
2022-08-03 00:00:00+01:00,163.10646057128906
2022-08-04 00:00:00+01:00,162.26756286621094
2022-08-05 00:00:00+01:00,163.7855682373047
2022-08-08 00:00:00+01:00,165.782958984375
2022-08-09 00:00:00+01:00,165.6431427001953
2022-08-10 00:00:00+01:00,169.53802490234375
2022-08-11 00:00:00+01:00,168.7814483642578
2022-08-12 00:00:00+01:00,171.3983612060547
2022-08-15 00:00:00+01:00,171.35841369628906
2022-08-16 00:00:00+01:00,170.29965209960938
2022-08-17 00:00:00+01:00,168.48179626464844
2022-08-18 00:00:00+01:00,168.30201721191406
2022-08-19 00:00:00+01:00,165.08578491210938
2022-08-22 00:00:00+01:00,162.88836669921875
2022-08-23 00:00:00+01:00,163.4077606201172
2022-08-24 00:00:00+01:00,162.42892456054688
2022-08-25 00:00:00+01:00,163.96710205078125
2022-08-26 00:00:00+01:00,161.90953063964844
2022-08-30 00:00:00+01:00,164.5064697265625
2022-08-31 00:00:00+01:00,164.3067169189453
2022-09-01 00:00:00+01:00,161.21035766601562
2022-09-02 00:00:00+01:00,168.4418487548828
2022-09-05 00:00:00+01:00,166.30435180664062
2022-09-06 00:00:00+01:00,167.68272399902344
2022-09-07 00:00:00+01:00,163.9071807861328
2022-09-08 00:00:00+01:00,166.06463623046875
2022-09-09 00:00:00+01:00,168.64161682128906
2022-09-12 00:00:00+01:00,173.75559997558594
2022-09-13 00:00:00+01:00,171.73797607421875
2022-09-14 00:00:00+01:00,169.70037841796875
2022-09-15 00:00:00+01:00,172.03762817382812
2022-09-16 00:00:00+01:00,170.9388885498047
2022-09-20 00:00:00+01:00,170.7191619873047
2022-09-21 00:00:00+01:00,167.6028289794922
2022-09-22 00:00:00+01:00,166.06463623046875
2022-09-23 00:00:00+01:00,161.66983032226562
2022-09-26 00:00:00+01:00,157.4118194580078
2022-09-27 00:00:00+01:00,155.65687561035156
2022-09-28 00:00:00+01:00,150.90248107910156
2022-09-29 00:00:00+01:00,144.49002075195312
2022-09-30 00:00:00+01:00,144.13043212890625
2022-10-03 00:00:00+01:00,144.90953063964844
2022-10-04 00:00:00+01:00,150.56289672851562
2022-10-05 00:00:00+01:00,147.44654846191406
2022-10-06 00:00:00+01:00,144.62985229492188
2022-10-07 00:00:00+01:00,143.3114013671875
2022-10-10 00:00:00+01:00,143.0717010498047
2022-10-11 00:00:00+01:00,139.9953155517578
2022-10-12 00:00:00+01:00,135.52056884765625
2022-10-13 00:00:00+01:00,142.37249755859375
2022-10-14 00:00:00+01:00,142.65220642089844
2022-10-17 00:00:00+01:00,145.22915649414062
2022-10-18 00:00:00+01:00,147.32667541503906
2022-10-19 00:00:00+01:00,144.13043212890625
2022-10-20 00:00:00+01:00,145.16921997070312
2022-10-21 00:00:00+01:00,144.86956787109375
2022-10-24 00:00:00+01:00,148.76498413085938
2022-10-25 00:00:00+01:00,150.0435028076172
2022-10-26 00:00:00+01:00,149.6439666748047
2022-10-27 00:00:00+01:00,150.08343505859375
2022-10-28 00:00:00+01:00,146.26792907714844
2022-10-31 00:00:00+00:00,147.5863800048828
2022-11-01 00:00:00+00:00,150.163330078125
2022-11-02 00:00:00+00:00,149.92364501953125
2022-11-03 00:00:00+00:00,149.3443145751953
2022-11-04 00:00:00+00:00,153.33963012695312
2022-11-07 00:00:00+00:00,152.4207000732422
2022-11-08 00:00:00+00:00,153.99884033203125
2022-11-09 00:00:00+00:00,154.2185821533203
2022-11-10 00:00:00+00:00,156.8155059814453
2022-11-11 00:00:00+00:00,158.03408813476562
2022-11-14 00:00:00+00:00,157.43478393554688
2022-11-15 00:00:00+00:00,157.03529357910156
2022-11-16 00:00:00+00:00,154.2185821533203
2022-11-17 00:00:00+00:00,156.47592163085938
2022-11-18 00:00:00+00:00,158.03408813476562
2022-11-21 00:00:00+00:00,157.75440979003906
2022-11-22 00:00:00+00:00,157.7344512939453
2022-11-23 00:00:00+00:00,158.09400939941406
2022-11-24 00:00:00+00:00,159.23268127441406
2022-11-25 00:00:00+00:00,158.87310791015625
2022-11-28 00:00:00+00:00,157.99412536621094
2022-11-29 00:00:00+00:00,160.81082153320312
2022-11-30 00:00:00+00:00,161.05055236816406
2022-12-01 00:00:00+00:00,158.09400939941406
2022-12-02 00:00:00+00:00,156.63572692871094
2022-12-05 00:00:00+00:00,156.0963897705078
2022-12-06 00:00:00+00:00,158.5734405517578
2022-12-07 00:00:00+00:00,157.25502014160156
2022-12-08 00:00:00+00:00,156.6157684326172
2022-12-09 00:00:00+00:00,159.2926025390625
2022-12-12 00:00:00+00:00,157.95419311523438
2022-12-13 00:00:00+00:00,161.5898895263672
2022-12-14 00:00:00+00:00,160.07167053222656
2022-12-15 00:00:00+00:00,155.01763916015625
2022-12-16 00:00:00+00:00,154.23855590820312
2022-12-19 00:00:00+00:00,155.19741821289062
2022-12-20 00:00:00+00:00,155.5570068359375
2022-12-21 00:00:00+00:00,157.89425659179688
2022-12-22 00:00:00+00:00,156.95535278320312
2022-12-23 00:00:00+00:00,157.55465698242188
2022-12-28 00:00:00+00:00,158.69329833984375
2022-12-29 00:00:00+00:00,159.1527557373047
2022-12-30 00:00:00+00:00,158.333740234375
2023-01-03 00:00:00+00:00,163.4077606201172
2023-01-04 00:00:00+00:00,167.8824920654297
2023-01-05 00:00:00+00:00,172.21739196777344
2023-01-06 00:00:00+00:00,171.89779663085938
2023-01-09 00:00:00+00:00,172.41717529296875
2023-01-10 00:00:00+00:00,171.3983612060547
2023-01-11 00:00:00+00:00,173.33609008789062
2023-01-12 00:00:00+00:00,176.87191772460938
2023-01-13 00:00:00+00:00,180.52761840820312
2023-01-16 00:00:00+00:00,182.28558349609375
2023-01-17 00:00:00+00:00,180.72738647460938
2023-01-18 00:00:00+00:00,181.8860321044922
2023-01-19 00:00:00+00:00,177.1715850830078
2023-01-20 00:00:00+00:00,178.21035766601562
2023-01-23 00:00:00+00:00,179.66864013671875
2023-01-24 00:00:00+00:00,179.54876708984375
2023-01-25 00:00:00+00:00,181.50648498535156
2023-01-26 00:00:00+00:00,184.8225555419922
2023-01-27 00:00:00+00:00,185.5617218017578
2023-01-30 00:00:00+00:00,186.44065856933594
2023-01-31 00:00:00+00:00,185.6216278076172
2023-02-01 00:00:00+00:00,186.2608642578125
2023-02-02 00:00:00+00:00,188.17861938476562
2023-02-03 00:00:00+00:00,188.4183349609375
2023-02-06 00:00:00+00:00,186.32081604003906
2023-02-07 00:00:00+00:00,188.6181182861328
2023-02-08 00:00:00+00:00,189.49708557128906
2023-02-09 00:00:00+00:00,189.37721252441406
2023-02-10 00:00:00+00:00,185.5017547607422
2023-02-13 00:00:00+00:00,186.10105895996094
2023-02-14 00:00:00+00:00,187.09991455078125
2023-02-15 00:00:00+00:00,172.39718627929688
2023-02-16 00:00:00+00:00,174.45477294921875
2023-02-17 00:00:00+00:00,173.29612731933594
2023-02-20 00:00:00+00:00,175.67333984375
2023-02-21 00:00:00+00:00,171.2185821533203
2023-02-22 00:00:00+00:00,172.616943359375
2023-02-23 00:00:00+00:00,172.44708251953125
2023-02-24 00:00:00+00:00,170.4288787841797
2023-02-27 00:00:00+00:00,172.48703002929688
2023-02-28 00:00:00+00:00,174.4852752685547
2023-03-01 00:00:00+00:00,174.26548767089844
2023-03-02 00:00:00+00:00,171.60781860351562
2023-03-03 00:00:00+00:00,171.3280792236328
2023-03-06 00:00:00+00:00,172.18731689453125
2023-03-07 00:00:00+00:00,168.77035522460938
2023-03-08 00:00:00+00:00,168.7303924560547
2023-03-09 00:00:00+00:00,163.27520751953125
2023-03-10 00:00:00+00:00,157.280517578125
2023-03-13 00:00:00+00:00,147.34934997558594
2023-03-14 00:00:00+00:00,151.92526245117188
2023-03-15 00:00:00+00:00,138.11753845214844
2023-03-16 00:00:00+00:00,142.25384521484375
2023-03-17 00:00:00+00:00,139.43637084960938
2023-03-20 00:00:00+00:00,136.23919677734375
2023-03-21 00:00:00+00:00,143.01316833496094
2023-03-22 00:00:00+00:00,142.5336151123047
2023-03-23 00:00:00+00:00,139.65615844726562
2023-03-24 00:00:00+00:00,133.78135681152344
2023-03-27 00:00:00+01:00,136.87860107421875
2023-03-28 00:00:00+01:00,137.05845642089844
2023-03-29 00:00:00+01:00,141.8941650390625
2023-03-30 00:00:00+01:00,144.6916961669922
2023-03-31 00:00:00+01:00,145.6708221435547
2023-04-03 00:00:00+01:00,148.12864685058594
2023-04-04 00:00:00+01:00,146.3701934814453
2023-04-05 00:00:00+01:00,147.58914184570312
2023-04-06 00:00:00+01:00,151.4856719970703
2023-04-11 00:00:00+01:00,152.4048614501953
2023-04-12 00:00:00+01:00,152.9243927001953
2023-04-13 00:00:00+01:00,152.8045196533203
2023-04-14 00:00:00+01:00,157.7401123046875
2023-04-17 00:00:00+01:00,154.14329528808594
2023-04-18 00:00:00+01:00,154.8227081298828
2023-04-19 00:00:00+01:00,155.26231384277344
2023-04-20 00:00:00+01:00,154.32315063476562
2023-04-21 00:00:00+01:00,153.10423278808594
2023-04-24 00:00:00+01:00,154.06338500976562
2023-04-25 00:00:00+01:00,151.32582092285156
2023-04-26 00:00:00+01:00,153.72369384765625
2023-04-27 00:00:00+01:00,161.8964385986328
2023-04-28 00:00:00+01:00,159.7383575439453
2023-05-02 00:00:00+01:00,154.802734375
2023-05-03 00:00:00+01:00,153.12420654296875
2023-05-04 00:00:00+01:00,148.10867309570312
2023-05-05 00:00:00+01:00,153.10423278808594
2023-05-09 00:00:00+01:00,153.4439239501953
2023-05-10 00:00:00+01:00,153.08425903320312
2023-05-11 00:00:00+01:00,153.34402465820312
2023-05-12 00:00:00+01:00,153.76365661621094
2023-05-15 00:00:00+01:00,154.88265991210938
2023-05-16 00:00:00+01:00,154.26321411132812
2023-05-17 00:00:00+01:00,155.8218231201172
2023-05-18 00:00:00+01:00,157.91995239257812
2023-05-19 00:00:00+01:00,159.27874755859375
2023-05-22 00:00:00+01:00,159.9381866455078
2023-05-23 00:00:00+01:00,163.2952117919922
2023-05-24 00:00:00+01:00,158.51943969726562
2023-05-25 00:00:00+01:00,156.84091186523438
2023-05-26 00:00:00+01:00,157.1806182861328
2023-05-30 00:00:00+01:00,155.66197204589844
2023-05-31 00:00:00+01:00,151.20591735839844
2023-06-01 00:00:00+01:00,152.4847869873047
2023-06-02 00:00:00+01:00,156.62112426757812
2023-06-05 00:00:00+01:00,155.6419677734375
2023-06-06 00:00:00+01:00,158.05982971191406
2023-06-07 00:00:00+01:00,158.0998077392578
2023-06-08 00:00:00+01:00,157.46038818359375
2023-06-09 00:00:00+01:00,156.2014923095703
2023-06-12 00:00:00+01:00,155.1024627685547
2023-06-13 00:00:00+01:00,156.62112426757812
2023-06-14 00:00:00+01:00,157.30050659179688
2023-06-15 00:00:00+01:00,153.6637420654297
2023-06-16 00:00:00+01:00,153.80360412597656
2023-06-19 00:00:00+01:00,153.3240509033203
2023-06-20 00:00:00+01:00,154.18328857421875
2023-06-21 00:00:00+01:00,151.32582092285156
2023-06-22 00:00:00+01:00,146.82981872558594
2023-06-23 00:00:00+01:00,145.09133911132812
2023-06-26 00:00:00+01:00,144.7916259765625
2023-06-27 00:00:00+01:00,146.1903839111328
2023-06-28 00:00:00+01:00,148.2085723876953
2023-06-29 00:00:00+01:00,151.18594360351562
2023-06-30 00:00:00+01:00,153.24412536621094
2023-07-03 00:00:00+01:00,155.48211669921875
2023-07-04 00:00:00+01:00,152.42481994628906
2023-07-05 00:00:00+01:00,149.9070587158203
2023-07-06 00:00:00+01:00,146.5700225830078
2023-07-07 00:00:00+01:00,148.58822631835938
2023-07-10 00:00:00+01:00,148.58822631835938
2023-07-11 00:00:00+01:00,149.7272186279297
2023-07-12 00:00:00+01:00,154.66285705566406
2023-07-13 00:00:00+01:00,155.5620574951172
2023-07-14 00:00:00+01:00,154.96258544921875
2023-07-17 00:00:00+01:00,155.92173767089844
2023-07-18 00:00:00+01:00,159.23880004882812
2023-07-19 00:00:00+01:00,164.13446044921875
2023-07-20 00:00:00+01:00,164.21438598632812
2023-07-21 00:00:00+01:00,163.11534118652344
2023-07-24 00:00:00+01:00,164.21438598632812
2023-07-25 00:00:00+01:00,163.37513732910156
2023-07-26 00:00:00+01:00,163.91464233398438
2023-07-27 00:00:00+01:00,155.26231384277344
2023-07-28 00:00:00+01:00,155.60202026367188
2023-07-31 00:00:00+01:00,154.8227081298828
2023-08-01 00:00:00+01:00,151.28585815429688
2023-08-02 00:00:00+01:00,146.3302459716797
2023-08-03 00:00:00+01:00,149.02784729003906
2023-08-04 00:00:00+01:00,150.60646057128906
2023-08-07 00:00:00+01:00,150.68638610839844
2023-08-08 00:00:00+01:00,146.94969177246094
2023-08-09 00:00:00+01:00,148.76806640625
2023-08-10 00:00:00+01:00,147.89569091796875
2023-08-11 00:00:00+01:00,146.49668884277344
2023-08-14 00:00:00+01:00,145.77719116210938
2023-08-15 00:00:00+01:00,143.43882751464844
2023-08-16 00:00:00+01:00,144.89781188964844
2023-08-17 00:00:00+01:00,145.3175048828125
2023-08-18 00:00:00+01:00,144.1383514404297
2023-08-21 00:00:00+01:00,143.55874633789062
2023-08-22 00:00:00+01:00,142.5994415283203
2023-08-23 00:00:00+01:00,142.93919372558594
2023-08-24 00:00:00+01:00,144.43812561035156
2023-08-25 00:00:00+01:00,143.8785400390625
2023-08-29 00:00:00+01:00,149.8543243408203
2023-08-30 00:00:00+01:00,148.93496704101562
2023-08-31 00:00:00+01:00,147.2561492919922
2023-09-01 00:00:00+01:00,148.95492553710938
2023-09-04 00:00:00+01:00,150.6937255859375
2023-09-05 00:00:00+01:00,149.53453063964844
2023-09-06 00:00:00+01:00,149.11483764648438
2023-09-07 00:00:00+01:00,147.87570190429688
2023-09-08 00:00:00+01:00,148.13552856445312
2023-09-11 00:00:00+01:00,149.7943572998047
2023-09-12 00:00:00+01:00,153.4717559814453
2023-09-13 00:00:00+01:00,157.12918090820312
2023-09-14 00:00:00+01:00,159.96719360351562
2023-09-15 00:00:00+01:00,161.34622192382812
2023-09-18 00:00:00+01:00,158.68809509277344
2023-09-19 00:00:00+01:00,159.1077880859375
2023-09-20 00:00:00+01:00,159.46754455566406
2023-09-21 00:00:00+01:00,156.5895538330078
2023-09-22 00:00:00+01:00,155.21054077148438
2023-09-25 00:00:00+01:00,153.53172302246094
2023-09-26 00:00:00+01:00,159.56744384765625
2023-09-27 00:00:00+01:00,158.00856018066406
2023-09-28 00:00:00+01:00,158.96788024902344
2023-09-29 00:00:00+01:00,158.82797241210938
2023-10-02 00:00:00+01:00,155.71017456054688
2023-10-03 00:00:00+01:00,154.17124938964844
2023-10-04 00:00:00+01:00,153.77154541015625
2023-10-05 00:00:00+01:00,152.41250610351562
2023-10-06 00:00:00+01:00,154.6509246826172
2023-10-09 00:00:00+01:00,151.91287231445312
2023-10-10 00:00:00+01:00,156.6695098876953
2023-10-11 00:00:00+01:00,157.0692138671875
2023-10-12 00:00:00+01:00,152.17266845703125
2023-10-13 00:00:00+01:00,152.9721221923828
2023-10-16 00:00:00+01:00,153.1519775390625
2023-10-17 00:00:00+01:00,154.69090270996094
2023-10-18 00:00:00+01:00,151.5331268310547
2023-10-19 00:00:00+01:00,147.69583129882812
2023-10-20 00:00:00+01:00,144.75790405273438
2023-10-23 00:00:00+01:00,143.9384765625
2023-10-24 00:00:00+01:00,134.5451202392578
2023-10-25 00:00:00+01:00,133.12611389160156
2023-10-26 00:00:00+01:00,132.1468048095703
2023-10-27 00:00:00+01:00,129.1089324951172
2023-10-30 00:00:00+00:00,130.56793212890625
2023-10-31 00:00:00+00:00,131.5072479248047
2023-11-01 00:00:00+00:00,129.24884033203125
2023-11-02 00:00:00+00:00,133.1461181640625
2023-11-03 00:00:00+00:00,136.24391174316406
2023-11-06 00:00:00+00:00,136.2039337158203
2023-11-07 00:00:00+00:00,136.12399291992188
2023-11-08 00:00:00+00:00,135.9241485595703
2023-11-09 00:00:00+00:00,136.88345336914062
2023-11-10 00:00:00+00:00,135.48446655273438
2023-11-13 00:00:00+00:00,136.64364624023438
2023-11-14 00:00:00+00:00,138.3624267578125
2023-11-15 00:00:00+00:00,139.7814178466797
2023-11-16 00:00:00+00:00,138.94198608398438
2023-11-17 00:00:00+00:00,142.69935607910156
2023-11-20 00:00:00+00:00,142.4395294189453
2023-11-21 00:00:00+00:00,141.6201171875
2023-11-22 00:00:00+00:00,139.88133239746094
2023-11-23 00:00:00+00:00,140.14117431640625
2023-11-24 00:00:00+00:00,141.54017639160156
2023-11-27 00:00:00+00:00,140.1011962890625
2023-11-28 00:00:00+00:00,140.02125549316406
2023-11-29 00:00:00+00:00,140.2011260986328
2023-11-30 00:00:00+00:00,140.9405975341797
2023-12-01 00:00:00+00:00,142.25967407226562
2023-12-04 00:00:00+00:00,142.87921142578125
2023-12-05 00:00:00+00:00,139.36170959472656
2023-12-06 00:00:00+00:00,140.14117431640625
2023-12-07 00:00:00+00:00,140.04122924804688
2023-12-08 00:00:00+00:00,143.1790313720703
2023-12-11 00:00:00+00:00,142.39956665039062
2023-12-12 00:00:00+00:00,141.5801239013672
2023-12-13 00:00:00+00:00,140.9805450439453
2023-12-14 00:00:00+00:00,149.89427185058594
2023-12-15 00:00:00+00:00,146.53665161132812
2023-12-18 00:00:00+00:00,146.39674377441406
2023-12-19 00:00:00+00:00,147.55593872070312
2023-12-20 00:00:00+00:00,151.5331268310547
2023-12-21 00:00:00+00:00,151.31329345703125
2023-12-22 00:00:00+00:00,151.67303466796875
2023-12-27 00:00:00+00:00,153.55172729492188
2023-12-28 00:00:00+00:00,153.39183044433594
2023-12-29 00:00:00+00:00,153.67161560058594
2024-01-02 00:00:00+00:00,155.17056274414062
2024-01-03 00:00:00+00:00,153.0120849609375
2024-01-04 00:00:00+00:00,155.4703369140625
2024-01-05 00:00:00+00:00,155.49034118652344
2024-01-08 00:00:00+00:00,154.7108917236328
2024-01-09 00:00:00+00:00,154.17124938964844
2024-01-10 00:00:00+00:00,152.5324249267578
2024-01-11 00:00:00+00:00,145.47740173339844
2024-01-12 00:00:00+00:00,145.43740844726562
2024-01-15 00:00:00+00:00,144.8778076171875
2024-01-16 00:00:00+00:00,141.30035400390625
2024-01-17 00:00:00+00:00,140.5808563232422
2024-01-18 00:00:00+00:00,140.62083435058594
2024-01-19 00:00:00+00:00,140.9405975341797
2024-01-22 00:00:00+00:00,144.8378448486328
2024-01-23 00:00:00+00:00,146.6765594482422
2024-01-24 00:00:00+00:00,147.2361602783203
2024-01-25 00:00:00+00:00,145.2775421142578
2024-01-26 00:00:00+00:00,149.13482666015625
2024-01-29 00:00:00+00:00,147.43601989746094
2024-01-30 00:00:00+00:00,150.1540985107422
2024-01-31 00:00:00+00:00,148.31541442871094
2024-02-01 00:00:00+00:00,145.93707275390625
2024-02-02 00:00:00+00:00,150.61378479003906
2024-02-05 00:00:00+00:00,145.57733154296875
2024-02-06 00:00:00+00:00,146.1968994140625
2024-02-07 00:00:00+00:00,144.29823303222656
2024-02-08 00:00:00+00:00,143.05911254882812
2024-02-09 00:00:00+00:00,142.17971801757812
2024-02-12 00:00:00+00:00,142.779296875
2024-02-13 00:00:00+00:00,140.38099670410156
2024-02-14 00:00:00+00:00,141.91989135742188
2024-02-15 00:00:00+00:00,143.31890869140625
2024-02-16 00:00:00+00:00,146.61659240722656
2024-02-19 00:00:00+00:00,148.89500427246094
2024-02-20 00:00:00+00:00,161.68597412109375
2024-02-21 00:00:00+00:00,162.6453094482422
2024-02-22 00:00:00+00:00,163.5646514892578
2024-02-23 00:00:00+00:00,163.6245880126953
2024-02-26 00:00:00+00:00,165.72311401367188
2024-02-27 00:00:00+00:00,166.74240112304688
2024-02-28 00:00:00+00:00,168.7809600830078
2024-02-29 00:00:00+00:00,164.39569091796875
2024-03-01 00:00:00+00:00,169.45370483398438
2024-03-04 00:00:00+00:00,170.07347106933594
2024-03-05 00:00:00+00:00,169.39373779296875
2024-03-06 00:00:00+00:00,170.8531494140625
2024-03-07 00:00:00+00:00,172.99232482910156
2024-03-08 00:00:00+00:00,172.17263793945312
2024-03-11 00:00:00+00:00,173.73204040527344
2024-03-12 00:00:00+00:00,177.51055908203125
2024-03-13 00:00:00+00:00,176.99075317382812
2024-03-14 00:00:00+00:00,174.331787109375
2024-03-15 00:00:00+00:00,176.85081481933594
2024-03-18 00:00:00+00:00,176.45095825195312
2024-03-19 00:00:00+00:00,174.9915313720703
2024-03-20 00:00:00+00:00,175.67127990722656
2024-03-21 00:00:00+00:00,181.76889038085938
2024-03-22 00:00:00+00:00,180.72927856445312
2024-03-25 00:00:00+00:00,181.40902709960938
2024-03-26 00:00:00+00:00,180.7093048095703
2024-03-27 00:00:00+00:00,181.44900512695312
2024-03-28 00:00:00+00:00,183.1283416748047
2024-04-02 00:00:00+01:00,184.04798889160156
2024-04-03 00:00:00+01:00,188.4662628173828
2024-04-04 00:00:00+01:00,193.08445739746094
2024-04-05 00:00:00+01:00,189.66580200195312
2024-04-08 00:00:00+01:00,193.1044464111328
2024-04-09 00:00:00+01:00,188.8261260986328
2024-04-10 00:00:00+01:00,189.40589904785156
2024-04-11 00:00:00+01:00,183.56817626953125
2024-04-12 00:00:00+01:00,182.78848266601562
2024-04-15 00:00:00+01:00,183.06837463378906
2024-04-16 00:00:00+01:00,178.4102020263672
2024-04-17 00:00:00+01:00,179.86962890625
2024-04-18 00:00:00+01:00,183.9080352783203
2024-04-19 00:00:00+01:00,185.76731872558594
2024-04-22 00:00:00+01:00,189.10601806640625
2024-04-23 00:00:00+01:00,192.16482543945312
2024-04-24 00:00:00+01:00,191.0652618408203
2024-04-25 00:00:00+01:00,203.92022705078125
2024-04-26 00:00:00+01:00,204.2700958251953
2024-04-29 00:00:00+01:00,203.5703582763672
2024-04-30 00:00:00+01:00,202.6207275390625
2024-05-01 00:00:00+01:00,203.37042236328125
2024-05-02 00:00:00+01:00,200.92138671875
2024-05-03 00:00:00+01:00,202.2708740234375
2024-05-07 00:00:00+01:00,210.2677459716797
2024-05-08 00:00:00+01:00,211.5672149658203
2024-05-09 00:00:00+01:00,213.16659545898438
2024-05-10 00:00:00+01:00,213.8663330078125
2024-05-13 00:00:00+01:00,214.46609497070312
2024-05-14 00:00:00+01:00,217.11505126953125
2024-05-15 00:00:00+01:00,213.01666259765625
2024-05-16 00:00:00+01:00,214.8159637451172
2024-05-17 00:00:00+01:00,216.6652374267578
2024-05-20 00:00:00+01:00,216.6652374267578
2024-05-21 00:00:00+01:00,217.4649200439453
2024-05-22 00:00:00+01:00,211.3673095703125
2024-05-23 00:00:00+01:00,214.91590881347656
2024-05-24 00:00:00+01:00,216.06546020507812
2024-05-28 00:00:00+01:00,219.0143280029297
2024-05-29 00:00:00+01:00,214.0662384033203
2024-05-30 00:00:00+01:00,218.46453857421875
2024-05-31 00:00:00+01:00,219.91395568847656
2024-06-03 00:00:00+01:00,219.1142578125
2024-06-04 00:00:00+01:00,214.91590881347656
2024-06-05 00:00:00+01:00,212.56683349609375
2024-06-06 00:00:00+01:00,216.06546020507812
2024-06-07 00:00:00+01:00,217.1650390625
2024-06-10 00:00:00+01:00,214.66600036621094
2024-06-11 00:00:00+01:00,208.96824645996094
2024-06-12 00:00:00+01:00,208.61837768554688
2024-06-13 00:00:00+01:00,205.06976318359375
2024-06-14 00:00:00+01:00,201.92100524902344
2024-06-17 00:00:00+01:00,204.81985473632812
2024-06-18 00:00:00+01:00,205.91943359375
2024-06-19 00:00:00+01:00,206.61915588378906
2024-06-20 00:00:00+01:00,207.9686279296875
2024-06-21 00:00:00+01:00,204.7698974609375
2024-06-24 00:00:00+01:00,207.4688262939453
2024-06-25 00:00:00+01:00,206.0693817138672
2024-06-26 00:00:00+01:00,205.76950073242188
2024-06-27 00:00:00+01:00,209.66796875
2024-06-28 00:00:00+01:00,208.81829833984375
2024-07-01 00:00:00+01:00,213.1166229248047
2024-07-02 00:00:00+01:00,210.66758728027344
2024-07-03 00:00:00+01:00,218.06468200683594
2024-07-04 00:00:00+01:00,224.26226806640625
2024-07-05 00:00:00+01:00,220.46376037597656
2024-07-08 00:00:00+01:00,221.96316528320312
2024-07-09 00:00:00+01:00,216.6652374267578
2024-07-10 00:00:00+01:00,219.46414184570312
2024-07-11 00:00:00+01:00,222.51295471191406
2024-07-12 00:00:00+01:00,222.3629913330078
2024-07-15 00:00:00+01:00,225.66171264648438
2024-07-16 00:00:00+01:00,227.26109313964844
2024-07-17 00:00:00+01:00,230.6097869873047
2024-07-18 00:00:00+01:00,228.5106201171875
2024-07-19 00:00:00+01:00,228.56057739257812
2024-07-22 00:00:00+01:00,230.7597198486328
2024-07-23 00:00:00+01:00,230.4098663330078
2024-07-24 00:00:00+01:00,228.3106689453125
2024-07-25 00:00:00+01:00,227.81088256835938
2024-07-26 00:00:00+01:00,231.30950927734375
2024-07-29 00:00:00+01:00,232.65896606445312
2024-07-30 00:00:00+01:00,233.95846557617188
2024-07-31 00:00:00+01:00,233.7085723876953
2024-08-01 00:00:00+01:00,222.8128204345703
2024-08-02 00:00:00+01:00,209.0182342529297
2024-08-05 00:00:00+01:00,206.11935424804688
2024-08-06 00:00:00+01:00,208.1185760498047
2024-08-07 00:00:00+01:00,214.66600036621094
2024-08-08 00:00:00+01:00,213.9163055419922
2024-08-09 00:00:00+01:00,218.16464233398438
2024-08-12 00:00:00+01:00,220.01393127441406
2024-08-13 00:00:00+01:00,219.1642608642578
2024-08-14 00:00:00+01:00,221.5133514404297
2024-08-15 00:00:00+01:00,227.69073486328125
2024-08-16 00:00:00+01:00,228.24058532714844
2024-08-19 00:00:00+01:00,228.94041442871094
2024-08-20 00:00:00+01:00,225.94119262695312
2024-08-21 00:00:00+01:00,224.79148864746094
2024-08-22 00:00:00+01:00,225.34133911132812
2024-08-23 00:00:00+01:00,230.39002990722656
2024-08-27 00:00:00+01:00,230.1400909423828
2024-08-28 00:00:00+01:00,223.84173583984375
2024-08-29 00:00:00+01:00,225.99118041992188
2024-08-30 00:00:00+01:00,228.34056091308594
2024-09-02 00:00:00+01:00,227.0908966064453
2024-09-03 00:00:00+01:00,222.99195861816406
2024-09-04 00:00:00+01:00,223.64178466796875
2024-09-05 00:00:00+01:00,228.4905242919922
2024-09-06 00:00:00+01:00,220.79254150390625
2024-09-09 00:00:00+01:00,223.94171142578125
2024-09-10 00:00:00+01:00,216.64361572265625
2024-09-11 00:00:00+01:00,215.09400939941406
2024-09-12 00:00:00+01:00,218.54312133789062
2024-09-13 00:00:00+01:00,221.0924530029297
2024-09-16 00:00:00+01:00,220.94248962402344
2024-09-17 00:00:00+01:00,224.9414520263672
2024-09-18 00:00:00+01:00,223.44183349609375
2024-09-19 00:00:00+01:00,227.59075927734375
2024-09-20 00:00:00+01:00,226.6909942626953
2024-09-23 00:00:00+01:00,223.1419219970703
2024-09-24 00:00:00+01:00,226.34107971191406
2024-09-25 00:00:00+01:00,223.1419219970703
2024-09-26 00:00:00+01:00,226.9909210205078
2024-09-27 00:00:00+01:00,229.19033813476562
2024-09-30 00:00:00+01:00,224.4915771484375
2024-10-01 00:00:00+01:00,219.64283752441406
2024-10-02 00:00:00+01:00,220.1427001953125
2024-10-03 00:00:00+01:00,219.29293823242188
2024-10-04 00:00:00+01:00,226.1911163330078
2024-10-07 00:00:00+01:00,229.59022521972656
2024-10-08 00:00:00+01:00,228.3905487060547
2024-10-09 00:00:00+01:00,230.58998107910156
2024-10-10 00:00:00+01:00,231.08984375
2024-10-11 00:00:00+01:00,235.78863525390625
2024-10-14 00:00:00+01:00,232.8394012451172
2024-10-15 00:00:00+01:00,233.9890899658203
2024-10-16 00:00:00+01:00,236.98831176757812
2024-10-17 00:00:00+01:00,245.03622436523438
2024-10-18 00:00:00+01:00,242.18695068359375
2024-10-21 00:00:00+01:00,239.6876220703125
2024-10-22 00:00:00+01:00,242.13697814941406
2024-10-23 00:00:00+01:00,238.0880126953125
2024-10-24 00:00:00+01:00,247.98545837402344
2024-10-25 00:00:00+01:00,241.33717346191406
2024-10-28 00:00:00+00:00,241.73709106445312
2024-10-29 00:00:00+00:00,238.7378692626953
2024-10-30 00:00:00+00:00,242.03700256347656
2024-10-31 00:00:00+00:00,237.43820190429688
2024-11-01 00:00:00+00:00,240.5373992919922
2024-11-04 00:00:00+00:00,243.4366455078125
2024-11-05 00:00:00+00:00,244.83627319335938
2024-11-06 00:00:00+00:00,258.08282470703125
2024-11-07 00:00:00+00:00,253.78395080566406
2024-11-08 00:00:00+00:00,251.43455505371094
2024-11-11 00:00:00+00:00,260.5821533203125
2024-11-12 00:00:00+00:00,257.4330139160156
2024-11-13 00:00:00+00:00,258.78265380859375
2024-11-14 00:00:00+00:00,256.5332336425781
2024-11-15 00:00:00+00:00,259.28253173828125
2024-11-18 00:00:00+00:00,260.7821350097656
2024-11-19 00:00:00+00:00,255.78343200683594
2024-11-20 00:00:00+00:00,258.88262939453125
2024-11-21 00:00:00+00:00,262.5816650390625
2024-11-22 00:00:00+00:00,257.133056640625
2024-11-25 00:00:00+00:00,263.5813903808594
2024-11-26 00:00:00+00:00,260.8821105957031
2024-11-27 00:00:00+00:00,258.88262939453125
2024-11-28 00:00:00+00:00,265.031005859375
2024-11-29 00:00:00+00:00,263.7313537597656
2024-12-02 00:00:00+00:00,262.7816162109375
2024-12-03 00:00:00+00:00,264.5311279296875
2024-12-04 00:00:00+00:00,262.03179931640625
2024-12-05 00:00:00+00:00,267.4803771972656
2024-12-06 00:00:00+00:00,264.7310791015625
2024-12-09 00:00:00+00:00,267.4803771972656
2024-12-10 00:00:00+00:00,264.13128662109375
2024-12-11 00:00:00+00:00,266.5805969238281
2024-12-12 00:00:00+00:00,270.62957763671875
2024-12-13 00:00:00+00:00,269.32989501953125
2024-12-16 00:00:00+00:00,270.2296447753906
2024-12-17 00:00:00+00:00,264.4811706542969
2024-12-18 00:00:00+00:00,266.9804992675781
2024-12-19 00:00:00+00:00,260.1822814941406
2024-12-20 00:00:00+00:00,260.1822814941406
2024-12-23 00:00:00+00:00,261.5319519042969
2024-12-24 00:00:00+00:00,263.48138427734375
2024-12-27 00:00:00+00:00,264.8310852050781
2024-12-30 00:00:00+00:00,264.68109130859375
2024-12-31 00:00:00+00:00,268.0802307128906
2025-01-02 00:00:00+00:00,266.8305358886719
2025-01-03 00:00:00+00:00,266.38067626953125
2025-01-06 00:00:00+00:00,272.7289733886719
2025-01-07 00:00:00+00:00,265.6308898925781
2025-01-08 00:00:00+00:00,264.9310302734375
2025-01-09 00:00:00+00:00,265.78082275390625
2025-01-10 00:00:00+00:00,257.98284912109375
2025-01-13 00:00:00+00:00,260.6321716308594
2025-01-14 00:00:00+00:00,263.7313537597656
2025-01-15 00:00:00+00:00,280.87689208984375
2025-01-16 00:00:00+00:00,282.62646484375
2025-01-17 00:00:00+00:00,289.27471923828125
2025-01-20 00:00:00+00:00,291.7740478515625
2025-01-21 00:00:00+00:00,295.87298583984375
2025-01-22 00:00:00+00:00,293.6735534667969
2025-01-23 00:00:00+00:00,298.5722961425781
2025-01-24 00:00:00+00:00,292.9737243652344
2025-01-27 00:00:00+00:00,288.3249206542969
2025-01-28 00:00:00+00:00,289.27471923828125
2025-01-29 00:00:00+00:00,296.2228698730469
2025-01-30 00:00:00+00:00,295.7229919433594
2025-01-31 00:00:00+00:00,296.9226989746094
2025-02-03 00:00:00+00:00,290.4743957519531
2025-02-04 00:00:00+00:00,294.1734313964844
2025-02-05 00:00:00+00:00,295.22314453125
2025-02-06 00:00:00+00:00,307.41998291015625
2025-02-07 00:00:00+00:00,304.6206970214844
2025-02-10 00:00:00+00:00,302.6712341308594
2025-02-11 00:00:00+00:00,306.3702697753906
2025-02-12 00:00:00+00:00,307.669921875
2025-02-13 00:00:00+00:00,293.1736755371094
2025-02-14 00:00:00+00:00,294.5233459472656
2025-02-17 00:00:00+00:00,304.3207702636719
2025-02-18 00:00:00+00:00,308.11981201171875
2025-02-19 00:00:00+00:00,305.8703918457031
2025-02-20 00:00:00+00:00,298.32232666015625
2025-02-21 00:00:00+00:00,303.720947265625
2025-02-24 00:00:00+00:00,298.6722717285156
2025-02-25 00:00:00+00:00,296.77276611328125
2025-02-26 00:00:00+00:00,308.86962890625
2025-02-27 00:00:00+00:00,301.0252380371094
2025-02-28 00:00:00+00:00,311.2744140625
2025-03-03 00:00:00+00:00,311.0744323730469
2025-03-04 00:00:00+00:00,292.3759460449219
2025-03-05 00:00:00+00:00,303.4250793457031
2025-03-06 00:00:00+00:00,308.3746337890625
2025-03-07 00:00:00+00:00,298.7254333496094
2025-03-10 00:00:00+00:00,284.526611328125
2025-03-11 00:00:00+00:00,283.52667236328125
2025-03-12 00:00:00+00:00,292.07598876953125
2025-03-13 00:00:00+00:00,288.8262634277344
2025-03-14 00:00:00+00:00,294.72576904296875
2025-03-17 00:00:00+00:00,294.8257751464844
2025-03-18 00:00:00+00:00,303.6250305175781
2025-03-19 00:00:00+00:00,304.87493896484375
2025-03-20 00:00:00+00:00,302.025146484375
2025-03-21 00:00:00+00:00,297.4255676269531
2025-03-24 00:00:00+00:00,303.5750427246094
2025-03-25 00:00:00+00:00,307.97467041015625
2025-03-26 00:00:00+00:00,309.2245788574219
2025-03-27 00:00:00+00:00,303.4750671386719
2025-03-28 00:00:00+00:00,293.4758605957031
2025-03-31 00:00:00+01:00,287.7763366699219
2025-04-01 00:00:00+01:00,293.8758239746094
2025-04-02 00:00:00+01:00,296.7256164550781
2025-04-03 00:00:00+01:00,270.8777160644531
2025-04-04 00:00:00+01:00,250.02944946289062
2025-04-07 00:00:00+01:00,241.8301239013672
2025-04-08 00:00:00+01:00,254.0291290283203
2025-04-09 00:00:00+01:00,241.630126953125
2025-04-10 00:00:00+01:00,260.2286071777344
2025-04-11 00:00:00+01:00,257.9288024902344
2025-04-14 00:00:00+01:00,270.3777770996094
2025-04-15 00:00:00+01:00,279.17706298828125
2025-04-16 00:00:00+01:00,277.9771423339844
2025-04-17 00:00:00+01:00,277.2771911621094
2025-04-22 00:00:00+01:00,279.97698974609375
2025-04-23 00:00:00+01:00,293.7258605957031
2025-04-24 00:00:00+01:00,289.5762023925781
2025-04-25 00:00:00+01:00,292.825927734375
2025-04-28 00:00:00+01:00,295.07574462890625
2025-04-29 00:00:00+01:00,297.9754943847656
2025-04-30 00:00:00+01:00,296.7756042480469
2025-05-01 00:00:00+01:00,294.7757568359375
2025-05-02 00:00:00+01:00,301.0252380371094
2025-05-06 00:00:00+01:00,298.07550048828125
2025-05-07 00:00:00+01:00,296.1256408691406
2025-05-08 00:00:00+01:00,305.02490234375
2025-05-09 00:00:00+01:00,306.9747619628906
2025-05-12 00:00:00+01:00,313.27423095703125
2025-05-13 00:00:00+01:00,316.823974609375
2025-05-14 00:00:00+01:00,320.2736511230469
2025-05-15 00:00:00+01:00,322.27349853515625
2025-05-16 00:00:00+01:00,325.4732360839844
2025-05-19 00:00:00+01:00,325.6732482910156
2025-05-20 00:00:00+01:00,329.5729064941406
2025-05-21 00:00:00+01:00,327.9730529785156
2025-05-22 00:00:00+01:00,326.6231384277344
2025-05-23 00:00:00+01:00,323.2734069824219
2025-05-27 00:00:00+01:00,328.0730285644531
2025-05-28 00:00:00+01:00,323.9233703613281
2025-05-29 00:00:00+01:00,326.023193359375
2025-05-30 00:00:00+01:00,327.47308349609375
2025-06-02 00:00:00+01:00,327.0231018066406
2025-06-03 00:00:00+01:00,329.2229309082031
2025-06-04 00:00:00+01:00,325.9232177734375
2025-06-05 00:00:00+01:00,327.0231018066406
2025-06-06 00:00:00+01:00,333.1726379394531
2025-06-09 00:00:00+01:00,332.4226989746094
2025-06-10 00:00:00+01:00,323.32342529296875
2025-06-11 00:00:00+01:00,322.97344970703125
2025-06-12 00:00:00+01:00,323.9233703613281
2025-06-13 00:00:00+01:00,319.27374267578125
2025-06-16 00:00:00+01:00,325.5732421875
2025-06-17 00:00:00+01:00,321.7235412597656
2025-06-18 00:00:00+01:00,325.1232604980469
2025-06-19 00:00:00+01:00,319.7237243652344
2025-06-20 00:00:00+01:00,323.9733581542969
2025-06-23 00:00:00+01:00,318.6238098144531
2025-06-24 00:00:00+01:00,333.47259521484375
2025-06-25 00:00:00+01:00,331.8227233886719
2025-06-26 00:00:00+01:00,331.17279052734375
2025-06-27 00:00:00+01:00,338.52215576171875
2025-06-30 00:00:00+01:00,337.27227783203125
2025-07-01 00:00:00+01:00,329.67291259765625
2025-07-02 00:00:00+01:00,325.7232360839844
2025-07-03 00:00:00+01:00,332.32269287109375
2025-07-04 00:00:00+01:00,330.47283935546875
2025-07-07 00:00:00+01:00,334.27252197265625
2025-07-08 00:00:00+01:00,334.62249755859375
2025-07-09 00:00:00+01:00,339.6220703125
2025-07-10 00:00:00+01:00,343.6217346191406
2025-07-11 00:00:00+01:00,339.9720458984375
2025-07-14 00:00:00+01:00,343.9717102050781
2025-07-15 00:00:00+01:00,343.32177734375
2025-07-16 00:00:00+01:00,342.57183837890625
2025-07-17 00:00:00+01:00,351.171142578125
2025-07-18 00:00:00+01:00,349.6212463378906
2025-07-21 00:00:00+01:00,352.77099609375
2025-07-22 00:00:00+01:00,348.7213439941406
2025-07-23 00:00:00+01:00,351.8210754394531
2025-07-24 00:00:00+01:00,358.37054443359375
2025-07-25 00:00:00+01:00,360.4703674316406
2025-07-28 00:00:00+01:00,361.1703186035156
2025-07-29 00:00:00+01:00,371.16949462890625
2025-07-30 00:00:00+01:00,374.96917724609375
2025-07-31 00:00:00+01:00,371.26947021484375
2025-08-01 00:00:00+01:00,356.62066650390625
2025-08-04 00:00:00+01:00,362.42022705078125
2025-08-05 00:00:00+01:00,360.8203430175781
2025-08-06 00:00:00+01:00,364.8699951171875
2025-08-07 00:00:00+01:00,362.0
2025-08-08 00:00:00+01:00,367.95001220703125
2025-08-11 00:00:00+01:00,371.0
2025-08-12 00:00:00+01:00,374.0
2025-08-13 00:00:00+01:00,373.5
2025-08-14 00:00:00+01:00,374.8999938964844
2025-08-15 00:00:00+01:00,371.1499938964844
2025-08-18 00:00:00+01:00,371.20001220703125
2025-08-19 00:00:00+01:00,372.1000061035156
2025-08-20 00:00:00+01:00,372.70001220703125
2025-08-21 00:00:00+01:00,373.95001220703125
