Date,0
2020-01-03 05:00:00+00:00,0.005008193145956419
2020-01-06 05:00:00+00:00,0.011709229064481783
2020-01-07 05:00:00+00:00,-0.006465782924098421
2020-01-08 05:00:00+00:00,-0.007010466571948958
2020-01-09 05:00:00+00:00,0.003148632074259717
2020-01-10 05:00:00+00:00,-0.005008451575325583
2020-01-13 05:00:00+00:00,0.0029328385645202874
2020-01-14 05:00:00+00:00,-0.0004541850844429373
2020-01-15 05:00:00+00:00,-0.0011081290555946882
2020-01-16 05:00:00+00:00,0.003335112845579559
2020-01-17 05:00:00+00:00,1.7094098554867388e-05
2020-01-21 05:00:00+00:00,-0.010034127889415965
2020-01-22 05:00:00+00:00,-0.0038862466015088565
2020-01-23 05:00:00+00:00,0.002106910104429564
2020-01-24 05:00:00+00:00,-0.002741781654783739
2020-01-27 05:00:00+00:00,-0.014809068338938296
2020-01-28 05:00:00+00:00,0.0014621314449548663
2020-01-29 05:00:00+00:00,-0.002990054248558041
2020-01-30 05:00:00+00:00,-0.002994191965176955
2020-01-31 05:00:00+00:00,-0.017689154086681896
2020-02-03 05:00:00+00:00,-0.011850490688164565
2020-02-04 05:00:00+00:00,0.01894541920456993
2020-02-05 05:00:00+00:00,0.018491724724502237
2020-02-06 05:00:00+00:00,-0.008943573191549084
2020-02-07 05:00:00+00:00,-0.005762444287948047
2020-02-10 05:00:00+00:00,-0.0012969124928467698
2020-02-11 05:00:00+00:00,0.008854093890098336
2020-02-12 05:00:00+00:00,0.010273440002054938
2020-02-13 05:00:00+00:00,-0.006956384240242986
2020-02-14 05:00:00+00:00,-0.003767934313255576
2020-02-18 05:00:00+00:00,-0.008516121414781669
2020-02-19 05:00:00+00:00,0.004197772990782706
2020-02-20 05:00:00+00:00,-0.004685149032415375
2020-02-21 05:00:00+00:00,-0.007457393945687053
2020-02-24 05:00:00+00:00,-0.02591680087292026
2020-02-25 05:00:00+00:00,-0.022103123224917986
2020-02-26 05:00:00+00:00,0.00023457322457129653
2020-02-27 05:00:00+00:00,-0.02595670968817865
2020-02-28 05:00:00+00:00,-0.004696661438653736
2020-03-02 05:00:00+00:00,0.019507060651824143
2020-03-03 05:00:00+00:00,-0.014064182665746836
2020-03-04 05:00:00+00:00,0.025879418932327723
2020-03-05 05:00:00+00:00,-0.015614424999860651
2020-03-06 05:00:00+00:00,-0.02465362203485231
2020-03-09 04:00:00+00:00,-0.10989054962612443
2020-03-10 04:00:00+00:00,0.041847893711375914
2020-03-11 04:00:00+00:00,-0.04702099544459893
2020-03-12 04:00:00+00:00,-0.08648776756365337
2020-03-13 04:00:00+00:00,0.030549589245522348
2020-03-16 04:00:00+00:00,-0.0970293537797326
2020-03-17 04:00:00+00:00,0.016200883813055518
2020-03-18 04:00:00+00:00,-0.08459142234159767
2020-03-19 04:00:00+00:00,0.03653680220818241
2020-03-20 04:00:00+00:00,0.007835539018704058
2020-03-23 04:00:00+00:00,0.018863475349011123
2020-03-24 04:00:00+00:00,0.12378920333062711
2020-03-25 04:00:00+00:00,0.048055692202547316
2020-03-26 04:00:00+00:00,0.012511880873179735
2020-03-27 04:00:00+00:00,-0.053149515061579417
2020-03-30 04:00:00+00:00,0.037215736946937826
2020-03-31 04:00:00+00:00,0.006086865900244918
2020-04-01 04:00:00+00:00,-0.019545220469495958
2020-04-02 04:00:00+00:00,0.036176208448824076
2020-04-03 04:00:00+00:00,-0.029778740286555683
2020-04-06 04:00:00+00:00,0.022632904450245274
2020-04-07 04:00:00+00:00,-0.003155717884060092
2020-04-08 04:00:00+00:00,0.017749316298247126
2020-04-09 04:00:00+00:00,-0.002018392151888487
2020-04-13 04:00:00+00:00,-0.004026233778579889
2020-04-14 04:00:00+00:00,-0.0028797577345053577
2020-04-15 04:00:00+00:00,-0.04363087069230421
2020-04-16 04:00:00+00:00,-0.022923196256281846
2020-04-17 04:00:00+00:00,0.04493417001980354
2020-04-20 04:00:00+00:00,-0.028401366944092295
2020-04-21 04:00:00+00:00,-0.02247005425154825
2020-04-22 04:00:00+00:00,0.041374404086838366
2020-04-23 04:00:00+00:00,0.0020473804037044276
2020-04-24 04:00:00+00:00,0.0011354172983440774
2020-04-27 04:00:00+00:00,0.02488746087129616
2020-04-28 04:00:00+00:00,-0.0019926024635244853
2020-04-29 04:00:00+00:00,0.0336594858886066
2020-04-30 04:00:00+00:00,-0.04430450762006714
2020-05-01 04:00:00+00:00,-0.02728559552579643
2020-05-04 04:00:00+00:00,0.009341299645467363
2020-05-05 04:00:00+00:00,0.013506051134012577
2020-05-06 04:00:00+00:00,-0.008923416241069146
2020-05-07 04:00:00+00:00,0.01336501490302866
2020-05-08 04:00:00+00:00,0.018927868841128438
2020-05-11 04:00:00+00:00,-0.012929408125237182
2020-05-12 04:00:00+00:00,-0.013929276823688296
2020-05-13 04:00:00+00:00,-0.02172125685521476
2020-05-14 04:00:00+00:00,-0.0031462470821297874
2020-05-15 04:00:00+00:00,-0.006737906444446995
2020-05-18 04:00:00+00:00,0.04921036508936977
2020-05-19 04:00:00+00:00,-0.015381169230884575
2020-05-20 04:00:00+00:00,0.019658729111837553
2020-05-21 04:00:00+00:00,-0.012305094345824438
2020-05-22 04:00:00+00:00,-0.01632388234524902
2020-05-26 04:00:00+00:00,0.013389400130447947
2020-05-27 04:00:00+00:00,0.016404457992497165
2020-05-28 04:00:00+00:00,-0.01618025805973833
2020-05-29 04:00:00+00:00,-0.00708046873676295
2020-06-01 04:00:00+00:00,0.021717931735294974
2020-06-02 04:00:00+00:00,0.024229793326775866
2020-06-03 04:00:00+00:00,0.028818617947210246
2020-06-04 04:00:00+00:00,-0.004359115755896073
2020-06-05 04:00:00+00:00,0.049156702390576124
2020-06-08 04:00:00+00:00,0.01574323503924454
2020-06-09 04:00:00+00:00,-0.025906524866930913
2020-06-10 04:00:00+00:00,-0.01996983709502979
2020-06-11 04:00:00+00:00,-0.060254125566044606
2020-06-12 04:00:00+00:00,0.019614265201762644
2020-06-15 04:00:00+00:00,-0.0061881799310888105
2020-06-16 04:00:00+00:00,0.008566873941434601
2020-06-17 04:00:00+00:00,-0.017809183614100294
2020-06-18 04:00:00+00:00,-0.001039720180115782
2020-06-19 04:00:00+00:00,0.0005714606449009281
2020-06-22 04:00:00+00:00,0.0030577813168392457
2020-06-23 04:00:00+00:00,0.009927567274067503
2020-06-24 04:00:00+00:00,-0.02850953941406958
2020-06-25 04:00:00+00:00,0.013391132507716385
2020-06-26 04:00:00+00:00,-0.022361075604382375
2020-06-29 04:00:00+00:00,0.017414702035318884
2020-06-30 04:00:00+00:00,-0.005032245464430306
2020-07-01 04:00:00+00:00,-0.0018862262387555288
2020-07-02 04:00:00+00:00,0.011624983248106409
2020-07-06 04:00:00+00:00,0.016280246125504473
2020-07-07 04:00:00+00:00,-0.020281082470160024
2020-07-08 04:00:00+00:00,0.0004491483762371997
2020-07-09 04:00:00+00:00,-0.02781931242064828
2020-07-10 04:00:00+00:00,0.013999436820821422
2020-07-13 04:00:00+00:00,-0.00011810478211633443
2020-07-14 04:00:00+00:00,0.01986516914745436
2020-07-15 04:00:00+00:00,0.013652958843262016
2020-07-16 04:00:00+00:00,-0.004231124019695423
2020-07-17 04:00:00+00:00,-0.012478550581742583
2020-07-20 04:00:00+00:00,-0.005747221248486983
2020-07-21 04:00:00+00:00,0.027031114658152323
2020-07-22 04:00:00+00:00,-0.01586620506285285
2020-07-23 04:00:00+00:00,-0.007527170826320689
2020-07-24 04:00:00+00:00,-0.006534211109247508
2020-07-27 04:00:00+00:00,0.0011666862798146369
2020-07-28 04:00:00+00:00,-0.0065703426302367385
2020-07-29 04:00:00+00:00,0.015028022065483563
2020-07-30 04:00:00+00:00,-0.023937203368431005
2020-07-31 04:00:00+00:00,-0.010332874410572776
2020-08-03 04:00:00+00:00,-0.004039862441069988
2020-08-04 04:00:00+00:00,0.03624388754007613
2020-08-05 04:00:00+00:00,0.004208030578926022
2020-08-06 04:00:00+00:00,-0.014782595949992624
2020-08-07 04:00:00+00:00,-0.006227251473726603
2020-08-10 04:00:00+00:00,0.014017955601743091
2020-08-11 04:00:00+00:00,0.011691995206342554
2020-08-12 04:00:00+00:00,0.01670513903853143
2020-08-13 04:00:00+00:00,-0.016359475731154552
2020-08-14 04:00:00+00:00,-0.0099236337116737
2020-08-17 04:00:00+00:00,-0.004885551306638173
2020-08-18 04:00:00+00:00,-0.009987676300204222
2020-08-19 04:00:00+00:00,-0.002417108900839965
2020-08-20 04:00:00+00:00,-0.007225483382145995
2020-08-21 04:00:00+00:00,-0.010838951760772122
2020-08-24 04:00:00+00:00,0.017000378854090288
2020-08-25 04:00:00+00:00,-0.007687811479828169
2020-08-26 04:00:00+00:00,-0.0051028037256885496
2020-08-27 04:00:00+00:00,-0.006251230170893355
2020-08-28 04:00:00+00:00,0.009559615447715544
2020-08-31 04:00:00+00:00,-0.013126577259267403
2020-09-01 04:00:00+00:00,-0.006631079587333075
2020-09-02 04:00:00+00:00,-0.001322958761964311
2020-09-03 04:00:00+00:00,-0.005667212738521405
2020-09-04 04:00:00+00:00,0.00017418878574689553
2020-09-08 04:00:00+00:00,-0.016968420848428895
2020-09-09 04:00:00+00:00,0.009834447922147958
2020-09-10 04:00:00+00:00,-0.015689908403824518
2020-09-11 04:00:00+00:00,0.003647244018944477
2020-09-14 04:00:00+00:00,-0.004491978966647282
2020-09-15 04:00:00+00:00,-0.0020087723649133893
2020-09-16 04:00:00+00:00,0.0040937720357386775
2020-09-17 04:00:00+00:00,-0.01226131455914554
2020-09-18 04:00:00+00:00,-0.020345676594385884
2020-09-21 04:00:00+00:00,-0.02407477108102879
2020-09-22 04:00:00+00:00,0.0034803729267302063
2020-09-23 04:00:00+00:00,-0.014630991825474176
2020-09-24 04:00:00+00:00,0.0008910893675063814
2020-09-25 04:00:00+00:00,-0.005245112951804513
2020-09-28 04:00:00+00:00,0.026358132465018336
2020-09-29 04:00:00+00:00,-0.017676405931557747
2020-09-30 04:00:00+00:00,-0.004207343425436991
2020-10-01 04:00:00+00:00,-0.0180303568914847
2020-10-02 04:00:00+00:00,0.004040223139556845
2020-10-05 04:00:00+00:00,0.014005698546303822
2020-10-06 04:00:00+00:00,-0.007512240325382842
2020-10-07 04:00:00+00:00,0.008373880097510215
2020-10-08 04:00:00+00:00,0.014671717724190809
2020-10-09 04:00:00+00:00,-0.002603102112465811
2020-10-12 04:00:00+00:00,-0.001403605420177693
2020-10-13 04:00:00+00:00,-0.019050856194220776
2020-10-14 04:00:00+00:00,-0.007107512913751614
2020-10-15 04:00:00+00:00,-0.003874426135427506
2020-10-16 04:00:00+00:00,-0.0023555271576964428
2020-10-19 04:00:00+00:00,-0.006788457361733451
2020-10-20 04:00:00+00:00,0.005272266157692428
2020-10-21 04:00:00+00:00,-0.010186585788897338
2020-10-22 04:00:00+00:00,0.012270170971838652
2020-10-23 04:00:00+00:00,0.005406330868199441
2020-10-26 04:00:00+00:00,-0.012135323566354082
2020-10-27 04:00:00+00:00,-0.007379615142201323
2020-10-28 04:00:00+00:00,-0.027779175651321493
2020-10-29 04:00:00+00:00,0.022528447356087243
2020-10-30 04:00:00+00:00,0.0071543445915825885
2020-11-02 05:00:00+00:00,0.024995336252505752
2020-11-03 05:00:00+00:00,0.012961421073665106
2020-11-04 05:00:00+00:00,-0.006265217360207362
2020-11-05 05:00:00+00:00,0.006268225195854041
2020-11-06 05:00:00+00:00,-0.0034722017899103813
2020-11-09 05:00:00+00:00,0.0933832221469935
2020-11-10 05:00:00+00:00,0.026786321188201918
2020-11-11 05:00:00+00:00,0.0005972938872505868
2020-11-12 05:00:00+00:00,-0.02148720366009967
2020-11-13 05:00:00+00:00,0.016517106519380202
2020-11-16 05:00:00+00:00,0.03419754273539585
2020-11-17 05:00:00+00:00,0.0036557330833078823
2020-11-18 05:00:00+00:00,-0.010965955716823194
2020-11-19 05:00:00+00:00,0.0013618236737380405
2020-11-20 05:00:00+00:00,-0.0006032329634024204
2020-11-23 05:00:00+00:00,0.026300348171908877
2020-11-24 05:00:00+00:00,0.04201849892423003
2020-11-25 05:00:00+00:00,-0.009804638299584181
2020-11-27 05:00:00+00:00,-0.004788984741909112
2020-11-30 05:00:00+00:00,-0.042079582298324744
2020-12-01 05:00:00+00:00,0.02728621874271922
2020-12-02 05:00:00+00:00,0.023335105677374058
2020-12-03 05:00:00+00:00,0.008607958842790834
2020-12-04 05:00:00+00:00,0.023371309266001304
2020-12-07 05:00:00+00:00,-0.018607542986446818
2020-12-08 05:00:00+00:00,-0.001676156116246347
2020-12-09 05:00:00+00:00,0.0035794975396606387
2020-12-10 05:00:00+00:00,0.010792033753000273
2020-12-11 05:00:00+00:00,-0.009718166184160847
2020-12-14 05:00:00+00:00,-0.01537506613846236
2020-12-15 05:00:00+00:00,0.017004704015212174
2020-12-16 05:00:00+00:00,-0.0026686899153904138
2020-12-17 05:00:00+00:00,0.0028807159770286783
2020-12-18 05:00:00+00:00,-0.00813363926352486
2020-12-21 05:00:00+00:00,-0.028208090381821625
2020-12-22 05:00:00+00:00,-0.005940695966719833
2020-12-23 05:00:00+00:00,0.020410328749538898
2020-12-24 05:00:00+00:00,-0.0025289340273332724
2020-12-28 05:00:00+00:00,-0.0013400203796358758
2020-12-29 05:00:00+00:00,0.0019189814336189087
2020-12-30 05:00:00+00:00,-6.643876793644094e-05
2020-12-31 05:00:00+00:00,-0.01157761270993538
2021-01-04 05:00:00+00:00,0.006197953586660754
2021-01-05 05:00:00+00:00,0.038649986241519045
2021-01-06 05:00:00+00:00,0.037582564531580376
2021-01-07 05:00:00+00:00,0.009501831941506111
2021-01-08 05:00:00+00:00,0.007507732079878718
2021-01-11 05:00:00+00:00,-0.002949905989408638
2021-01-12 05:00:00+00:00,0.015798586947534474
2021-01-13 05:00:00+00:00,-0.007924067098840314
2021-01-14 05:00:00+00:00,0.015454029214318194
2021-01-15 05:00:00+00:00,-0.025589653960738142
2021-01-19 05:00:00+00:00,0.012320515980208783
2021-01-20 05:00:00+00:00,0.003267142867005358
2021-01-21 05:00:00+00:00,-0.01142720168085656
2021-01-22 05:00:00+00:00,-0.007337763651834191
2021-01-25 05:00:00+00:00,-0.018555673540178053
2021-01-26 05:00:00+00:00,0.000887506862176138
2021-01-27 05:00:00+00:00,-0.009917884074701528
2021-01-28 05:00:00+00:00,0.0030408494847083472
2021-01-29 05:00:00+00:00,-0.02210619588255932
2021-02-01 05:00:00+00:00,0.0017280216965657002
2021-02-02 05:00:00+00:00,-0.024265562429655513
2021-02-03 05:00:00+00:00,0.011654535797174273
2021-02-04 05:00:00+00:00,-0.00204082432223356
2021-02-05 05:00:00+00:00,-0.00178994984422775
2021-02-08 05:00:00+00:00,0.027653018946397604
2021-02-09 05:00:00+00:00,-0.0034467071699437117
2021-02-10 05:00:00+00:00,-0.0009922341337207728
2021-02-11 05:00:00+00:00,-0.007456332765471082
2021-02-12 05:00:00+00:00,0.016607129725837153
2021-02-16 05:00:00+00:00,0.0386798330377141
2021-02-17 05:00:00+00:00,0.008763416212457308
2021-02-18 05:00:00+00:00,-0.01968770157985269
2021-02-19 05:00:00+00:00,0.00930734493589205
2021-02-22 05:00:00+00:00,0.017088096332120148
2021-02-23 05:00:00+00:00,0.01133869239738669
2021-02-24 05:00:00+00:00,0.024811045406802103
2021-02-25 05:00:00+00:00,0.0009806312909854786
2021-02-26 05:00:00+00:00,-0.024082942815400552
2021-03-01 05:00:00+00:00,0.0034450116807139873
2021-03-02 05:00:00+00:00,0.005023774515703138
2021-03-03 05:00:00+00:00,0.015361223453403527
2021-03-04 05:00:00+00:00,0.004922754664929751
2021-03-05 05:00:00+00:00,0.02183864731633044
2021-03-08 05:00:00+00:00,-0.0009720918492823628
2021-03-09 05:00:00+00:00,-0.007836629081683553
2021-03-10 05:00:00+00:00,0.012604608010461467
2021-03-11 05:00:00+00:00,-0.003737778413156337
2021-03-12 05:00:00+00:00,0.00669366320833697
2021-03-15 04:00:00+00:00,-0.008618510171079483
2021-03-16 04:00:00+00:00,-0.0091757069690633
2021-03-17 04:00:00+00:00,0.00979363321786087
2021-03-18 04:00:00+00:00,-0.018039791086195574
2021-03-19 04:00:00+00:00,-0.001095702853816015
2021-03-22 04:00:00+00:00,-0.005095989946643445
2021-03-23 04:00:00+00:00,-0.027681735423274047
2021-03-24 04:00:00+00:00,0.012183852186430168
2021-03-25 04:00:00+00:00,-0.0019094270034889006
2021-03-26 04:00:00+00:00,0.01557701153391594
2021-03-29 04:00:00+00:00,-0.0024068226240606364
2021-03-30 04:00:00+00:00,-0.0034865530516182807
2021-03-31 04:00:00+00:00,-0.011851967065430938
2021-04-01 04:00:00+00:00,0.008240039202658924
2021-04-05 04:00:00+00:00,-0.003447596705225274
2021-04-06 04:00:00+00:00,0.013368244738114035
2021-04-07 04:00:00+00:00,0.008004069479505774
2021-04-08 04:00:00+00:00,-0.010025747843853293
2021-04-09 04:00:00+00:00,-0.006899557233929969
2021-04-12 04:00:00+00:00,0.002526964074366463
2021-04-13 04:00:00+00:00,-0.002289278311170483
2021-04-14 04:00:00+00:00,0.019271550646237583
2021-04-15 04:00:00+00:00,-0.005706817989473671
2021-04-16 04:00:00+00:00,0.000965713688977167
2021-04-19 04:00:00+00:00,0.0027508974142829014
2021-04-20 04:00:00+00:00,-0.01549652306336595
2021-04-21 04:00:00+00:00,0.005506941458621384
2021-04-22 04:00:00+00:00,-0.016052835090505358
2021-04-23 04:00:00+00:00,0.007127042703114746
2021-04-26 04:00:00+00:00,0.009198649922970268
2021-04-27 04:00:00+00:00,0.008443029983711667
2021-04-28 04:00:00+00:00,0.01329148649682719
2021-04-29 04:00:00+00:00,0.0020697513788400634
2021-04-30 04:00:00+00:00,-0.010085846712691138
2021-05-03 04:00:00+00:00,0.008324933333835048
2021-05-04 04:00:00+00:00,0.002710224382824325
2021-05-05 04:00:00+00:00,0.02049973091638631
2021-05-06 04:00:00+00:00,0.0029065129687459814
2021-05-07 04:00:00+00:00,0.006134481061560721
2021-05-10 04:00:00+00:00,-0.003614934396439648
2021-05-11 04:00:00+00:00,-0.01559604863975653
2021-05-12 04:00:00+00:00,0.00042327811354806
2021-05-13 04:00:00+00:00,-0.0019103781201454475
2021-05-14 04:00:00+00:00,0.019650285302972907
2021-05-17 04:00:00+00:00,0.0061546506390577444
2021-05-18 04:00:00+00:00,-0.005576193143390173
2021-05-19 04:00:00+00:00,-0.012347183674798003
2021-05-20 04:00:00+00:00,0.007427255439078238
2021-05-21 04:00:00+00:00,5.478104021976547e-05
2021-05-24 04:00:00+00:00,0.010519752705582436
2021-05-25 04:00:00+00:00,-0.014634911714375321
2021-05-26 04:00:00+00:00,0.0012602955222412045
2021-05-27 04:00:00+00:00,0.0011218936383254113
2021-05-28 04:00:00+00:00,0.0010015427232671758
2021-06-01 04:00:00+00:00,0.011116720681906464
2021-06-02 04:00:00+00:00,0.013089433766190896
2021-06-03 04:00:00+00:00,-0.0011028517265942964
2021-06-04 04:00:00+00:00,-0.003920379600787093
2021-06-07 04:00:00+00:00,-0.00359291630139385
2021-06-08 04:00:00+00:00,0.006297302452288278
2021-06-09 04:00:00+00:00,-0.00433101584510774
2021-06-10 04:00:00+00:00,-0.0006516960399893036
2021-06-11 04:00:00+00:00,0.0023047590256552184
2021-06-14 04:00:00+00:00,0.010240967925581204
2021-06-15 04:00:00+00:00,0.006759307261239777
2021-06-16 04:00:00+00:00,-0.008021537154261935
2021-06-17 04:00:00+00:00,-0.013292544262538291
2021-06-18 04:00:00+00:00,-0.027589262848342132
2021-06-21 04:00:00+00:00,0.01894656981744531
2021-06-22 04:00:00+00:00,0.00342921116785743
2021-06-23 04:00:00+00:00,0.0017529766816186555
2021-06-24 04:00:00+00:00,0.004282278167355092
2021-06-25 04:00:00+00:00,0.0016670009732622933
2021-06-28 04:00:00+00:00,-0.018390829881302882
2021-06-29 04:00:00+00:00,-0.005184595000510757
2021-06-30 04:00:00+00:00,0.002668852250535561
2021-07-01 04:00:00+00:00,0.015021672667865768
2021-07-02 04:00:00+00:00,-0.002696369611937214
2021-07-06 04:00:00+00:00,-0.017158322794523284
2021-07-07 04:00:00+00:00,-0.003717310369852411
2021-07-08 04:00:00+00:00,-0.0064029195861686925
2021-07-09 04:00:00+00:00,0.012444571063679495
2021-07-12 04:00:00+00:00,-0.0029687851369062683
2021-07-13 04:00:00+00:00,-0.005289589305336009
2021-07-14 04:00:00+00:00,-0.006692200406547364
2021-07-15 04:00:00+00:00,-0.01298599340607779
2021-07-16 04:00:00+00:00,-0.018418480850864786
2021-07-19 04:00:00+00:00,-0.02308788350045789
2021-07-20 04:00:00+00:00,0.00365254345893068
2021-07-21 04:00:00+00:00,0.0219935814852886
2021-07-22 04:00:00+00:00,-0.006161995374111439
2021-07-23 04:00:00+00:00,-0.0004401397790830387
2021-07-26 04:00:00+00:00,0.018578348223391362
2021-07-27 04:00:00+00:00,-0.0007858626685546678
2021-07-28 04:00:00+00:00,0.0018198685001715256
2021-07-29 04:00:00+00:00,0.00859226405049755
2021-07-30 04:00:00+00:00,-0.009938755996595697
2021-08-02 04:00:00+00:00,-0.002630130136579501
2021-08-03 04:00:00+00:00,0.032752888620720684
2021-08-04 04:00:00+00:00,-0.012706522053112148
2021-08-05 04:00:00+00:00,0.008203375090401343
2021-08-06 04:00:00+00:00,0.005816523507689733
2021-08-09 04:00:00+00:00,-0.00520520097946367
2021-08-10 04:00:00+00:00,0.010567655977677289
2021-08-11 04:00:00+00:00,0.005674609047776958
2021-08-12 04:00:00+00:00,-0.002129823152322766
2021-08-13 04:00:00+00:00,-0.008467564252048358
2021-08-16 04:00:00+00:00,-0.010647491153748863
2021-08-17 04:00:00+00:00,-0.0013471384976359289
2021-08-18 04:00:00+00:00,-0.009754655411390853
2021-08-19 04:00:00+00:00,-0.017687863042845402
2021-08-20 04:00:00+00:00,0.0029962616811911678
2021-08-23 04:00:00+00:00,0.01722115229269337
2021-08-24 04:00:00+00:00,0.0034715176225839795
2021-08-25 04:00:00+00:00,0.002941519887581537
2021-08-26 04:00:00+00:00,-0.008930955457071234
2021-08-27 04:00:00+00:00,0.014830442883800681
2021-08-30 04:00:00+00:00,-0.0069070636313303055
2021-08-31 04:00:00+00:00,-0.005757780939797042
2021-09-01 04:00:00+00:00,-0.0013229227402520559
2021-09-02 04:00:00+00:00,0.010633898754325452
2021-09-03 04:00:00+00:00,-0.0013244881662687119
2021-09-07 04:00:00+00:00,-0.005555582888619876
2021-09-08 04:00:00+00:00,-0.00512276654475219
2021-09-09 04:00:00+00:00,-0.0031902236384072583
2021-09-10 04:00:00+00:00,0.002729642254993839
2021-09-13 04:00:00+00:00,0.013450655940704166
2021-09-14 04:00:00+00:00,-0.01132173623550371
2021-09-15 04:00:00+00:00,0.02326941614776793
2021-09-16 04:00:00+00:00,-0.009807074398682133
2021-09-17 04:00:00+00:00,-0.0019755398274072626
2021-09-20 04:00:00+00:00,-0.017192482880705677
2021-09-21 04:00:00+00:00,0.009729620555465644
2021-09-22 04:00:00+00:00,0.013794361075355784
2021-09-23 04:00:00+00:00,0.014761730871344417
2021-09-24 04:00:00+00:00,0.0002800104051680636
2021-09-27 04:00:00+00:00,0.022399749056182763
2021-09-28 04:00:00+00:00,-0.0020721007424469545
2021-09-29 04:00:00+00:00,0.0009096282025974356
2021-09-30 04:00:00+00:00,0.0010501950466015706
2021-10-01 04:00:00+00:00,0.008457118713178753
2021-10-04 04:00:00+00:00,0.00374192906024191
2021-10-05 04:00:00+00:00,0.013606395133391895
2021-10-06 04:00:00+00:00,-0.0012579152696938442
2021-10-07 04:00:00+00:00,0.006593976935861258
2021-10-08 04:00:00+00:00,0.011802159064092248
2021-10-11 04:00:00+00:00,0.0056379945452490875
2021-10-12 04:00:00+00:00,0.0009139150965429154
2021-10-13 04:00:00+00:00,0.0025949357465924476
2021-10-14 04:00:00+00:00,0.007629125386435669
2021-10-15 04:00:00+00:00,0.012894660413838074
2021-10-18 04:00:00+00:00,-0.004326448783510032
2021-10-19 04:00:00+00:00,0.00537195097767256
2021-10-20 04:00:00+00:00,0.0048408157618292725
2021-10-21 04:00:00+00:00,-0.009607186009343648
2021-10-22 04:00:00+00:00,0.0007525173793181551
2021-10-25 04:00:00+00:00,0.006595199896677331
2021-10-26 04:00:00+00:00,9.924249906238878e-05
2021-10-27 04:00:00+00:00,-0.004903332766585838
2021-10-28 04:00:00+00:00,-0.004410869336925056
2021-10-29 04:00:00+00:00,-0.010525219917992244
2021-11-01 04:00:00+00:00,0.010208340092238977
2021-11-02 04:00:00+00:00,-0.02130846180231277
2021-11-03 04:00:00+00:00,-0.00977992430488084
2021-11-04 04:00:00+00:00,-0.0039961078653877056
2021-11-05 04:00:00+00:00,0.010774053005615012
2021-11-08 05:00:00+00:00,0.0023512447518933386
2021-11-09 05:00:00+00:00,0.001712247844745482
2021-11-10 05:00:00+00:00,-0.010319682002855093
2021-11-11 05:00:00+00:00,8.091317098203607e-05
2021-11-12 05:00:00+00:00,0.0002892313214136427
2021-11-15 05:00:00+00:00,0.006647536462415382
2021-11-16 05:00:00+00:00,0.004074283941040714
2021-11-17 05:00:00+00:00,-0.003826309614852875
2021-11-18 05:00:00+00:00,-0.0022206103257904927
2021-11-19 05:00:00+00:00,-0.022018312142450445
2021-11-22 05:00:00+00:00,0.006183790604002023
2021-11-23 05:00:00+00:00,0.017317071242583394
2021-11-24 05:00:00+00:00,0.003438020378756156
2021-11-26 05:00:00+00:00,-0.04128205166406232
2021-11-29 05:00:00+00:00,0.006141381324957411
2021-11-30 05:00:00+00:00,-0.00699721950887065
2021-12-01 05:00:00+00:00,-0.004543118990235272
2021-12-02 05:00:00+00:00,0.03212631398715699
2021-12-03 05:00:00+00:00,-0.004910866307915784
2021-12-06 05:00:00+00:00,0.011907711114589426
2021-12-07 05:00:00+00:00,0.007785356226771902
2021-12-08 05:00:00+00:00,-0.0011783154618481661
2021-12-09 05:00:00+00:00,-0.006647732661348653
2021-12-10 05:00:00+00:00,0.005094800080163986
2021-12-13 05:00:00+00:00,-0.01942026251278146
2021-12-14 05:00:00+00:00,0.00020624452843085437
2021-12-15 05:00:00+00:00,0.0034462525596465647
2021-12-16 05:00:00+00:00,0.005850368011125372
2021-12-17 05:00:00+00:00,-0.011046186840982727
2021-12-20 05:00:00+00:00,-0.011374616848002067
2021-12-21 05:00:00+00:00,0.0171202229431995
2021-12-22 05:00:00+00:00,0.008674179893708202
2021-12-23 05:00:00+00:00,0.005913995857342132
2021-12-27 05:00:00+00:00,0.006208740340384463
2021-12-28 05:00:00+00:00,-0.0012817413158335942
2021-12-29 05:00:00+00:00,-0.0013173607432816587
2021-12-30 05:00:00+00:00,-0.00551544576789254
2021-12-31 05:00:00+00:00,-0.00113497456476258
2022-01-03 05:00:00+00:00,0.01630823835041414
2022-01-04 05:00:00+00:00,0.0273790080568722
2022-01-05 05:00:00+00:00,-0.005622808306736011
2022-01-06 05:00:00+00:00,0.012362233153037186
2022-01-07 05:00:00+00:00,0.014208102392056011
2022-01-10 05:00:00+00:00,0.000792360663473664
2022-01-11 05:00:00+00:00,0.019346821645153413
2022-01-12 05:00:00+00:00,0.013165126060690879
2022-01-13 05:00:00+00:00,0.002277978037656256
2022-01-14 05:00:00+00:00,0.013939283816260169
2022-01-18 05:00:00+00:00,0.0029096231752588878
2022-01-19 05:00:00+00:00,-0.0057600685383658815
2022-01-20 05:00:00+00:00,-0.014855999453568235
2022-01-21 05:00:00+00:00,-0.013768246786845528
2022-01-24 05:00:00+00:00,-0.012016973168593218
2022-01-25 05:00:00+00:00,0.026041370821605347
2022-01-26 05:00:00+00:00,0.006164268358859483
2022-01-27 05:00:00+00:00,0.003466235529193681
2022-01-28 05:00:00+00:00,-0.004728279062999784
2022-01-31 05:00:00+00:00,0.0013272356006641618
2022-02-01 05:00:00+00:00,0.019975064201801757
2022-02-02 05:00:00+00:00,0.00616901570022187
2022-02-03 05:00:00+00:00,8.281873421046632e-05
2022-02-04 05:00:00+00:00,0.012618950682614196
2022-02-07 05:00:00+00:00,0.00837459285305392
2022-02-08 05:00:00+00:00,-0.0043538864768924174
2022-02-09 05:00:00+00:00,0.002125801584141652
2022-02-10 05:00:00+00:00,-0.0010199246504682424
2022-02-11 05:00:00+00:00,0.0013487426294498126
2022-02-14 05:00:00+00:00,-0.01231165091618332
2022-02-15 05:00:00+00:00,-0.0040018349059081325
2022-02-16 05:00:00+00:00,0.0041711631880756266
2022-02-17 05:00:00+00:00,-0.0038252957773394483
2022-02-18 05:00:00+00:00,-0.006416578584196159
2022-02-22 05:00:00+00:00,-0.009694751065632628
2022-02-23 05:00:00+00:00,-0.001479001666362499
2022-02-24 05:00:00+00:00,-0.03431464196622901
2022-02-25 05:00:00+00:00,0.03506851096346438
2022-02-28 05:00:00+00:00,-0.03076799968645861
2022-03-01 05:00:00+00:00,-0.01875184509497109
2022-03-02 05:00:00+00:00,0.03447267183527155
2022-03-03 05:00:00+00:00,-0.028281401371004586
2022-03-04 05:00:00+00:00,-0.024207522836471776
2022-03-07 05:00:00+00:00,0.005342804345256114
2022-03-08 05:00:00+00:00,0.023644280836431095
2022-03-09 05:00:00+00:00,-0.005236184669501411
2022-03-10 05:00:00+00:00,-0.00038700561141908615
2022-03-11 05:00:00+00:00,-0.013862594356661468
2022-03-14 04:00:00+00:00,-0.004723284075498216
2022-03-15 04:00:00+00:00,0.004395164510833367
2022-03-16 04:00:00+00:00,0.01575809394154104
2022-03-17 04:00:00+00:00,0.01319713300780861
2022-03-18 04:00:00+00:00,-0.0042509343807850385
2022-03-21 04:00:00+00:00,0.018348515153642976
2022-03-22 04:00:00+00:00,0.0041221603025607305
2022-03-23 04:00:00+00:00,0.014067479921150762
2022-03-24 04:00:00+00:00,0.004447578027405278
2022-03-25 04:00:00+00:00,0.006262100183887658
2022-03-28 04:00:00+00:00,-0.017445572725655025
2022-03-29 04:00:00+00:00,-0.0018633568865387173
2022-03-30 04:00:00+00:00,0.009940103657541968
2022-03-31 04:00:00+00:00,-0.012756974845888853
2022-04-01 04:00:00+00:00,0.009829898258834093
2022-04-04 04:00:00+00:00,-0.000232452677067366
2022-04-05 04:00:00+00:00,-0.004601892344231206
2022-04-06 04:00:00+00:00,-0.0022077114057972758
2022-04-07 04:00:00+00:00,0.005113807113626939
2022-04-08 04:00:00+00:00,0.009979785183708751
2022-04-11 04:00:00+00:00,-0.009082662493320778
2022-04-12 04:00:00+00:00,0.0035584472511055944
2022-04-13 04:00:00+00:00,0.014014433119239984
2022-04-14 04:00:00+00:00,-2.784965153861864e-05
2022-04-18 04:00:00+00:00,-0.00024740422940210203
2022-04-19 04:00:00+00:00,0.007294990893020669
2022-04-20 04:00:00+00:00,0.0023594458146711564
2022-04-21 04:00:00+00:00,-0.012936252761318923
2022-04-22 04:00:00+00:00,-0.021751462239053478
2022-04-25 04:00:00+00:00,-0.022768005376329847
2022-04-26 04:00:00+00:00,-0.021686246342113205
2022-04-27 04:00:00+00:00,0.008449063519484943
2022-04-28 04:00:00+00:00,0.01816774363773872
2022-04-29 04:00:00+00:00,-0.014834022380652139
2022-05-02 04:00:00+00:00,0.002600587618514362
2022-05-03 04:00:00+00:00,0.042902442349254125
2022-05-04 04:00:00+00:00,0.017871729059563756
2022-05-05 04:00:00+00:00,-0.018616222886849693
2022-05-06 04:00:00+00:00,0.008146629073937544
2022-05-09 04:00:00+00:00,-0.04038088993198044
2022-05-10 04:00:00+00:00,0.005949072106428476
2022-05-11 04:00:00+00:00,0.0021865418654457556
2022-05-12 04:00:00+00:00,-0.008732352872236872
2022-05-13 04:00:00+00:00,0.02326894655545364
2022-05-16 04:00:00+00:00,0.00944737254546557
2022-05-17 04:00:00+00:00,0.01213025401572098
2022-05-18 04:00:00+00:00,-0.013026690140024177
2022-05-19 04:00:00+00:00,-0.0006506025640229576
2022-05-20 04:00:00+00:00,0.004196813891800884
2022-05-23 04:00:00+00:00,0.018792299520729167
2022-05-24 04:00:00+00:00,0.005449827375905226
2022-05-25 04:00:00+00:00,0.005874359533145382
2022-05-26 04:00:00+00:00,0.00634084038801666
2022-05-27 04:00:00+00:00,0.004336853859387039
2022-05-31 04:00:00+00:00,-0.005238424024692285
2022-06-01 04:00:00+00:00,0.0026920498087728974
2022-06-02 04:00:00+00:00,0.0038378470372615716
2022-06-03 04:00:00+00:00,-0.0007324089565972174
2022-06-06 04:00:00+00:00,0.004630108595188911
2022-06-07 04:00:00+00:00,0.017011834839680797
2022-06-08 04:00:00+00:00,-0.006708426414969775
2022-06-09 04:00:00+00:00,-0.015643408357347732
2022-06-10 04:00:00+00:00,-0.022839921383557452
2022-06-13 04:00:00+00:00,-0.023294603850653902
2022-06-14 04:00:00+00:00,-0.0041974432460744684
2022-06-15 04:00:00+00:00,0.008859802435403146
2022-06-16 04:00:00+00:00,-0.028942194497243754
2022-06-17 04:00:00+00:00,-0.03226007036569651
2022-06-21 04:00:00+00:00,0.03820745684946798
2022-06-22 04:00:00+00:00,-0.019517922680202957
2022-06-23 04:00:00+00:00,-0.01407185507465205
2022-06-24 04:00:00+00:00,0.02280604076362988
2022-06-27 04:00:00+00:00,0.007795741710794248
2022-06-28 04:00:00+00:00,0.006183492876699423
2022-06-29 04:00:00+00:00,-0.0032412923559540035
2022-06-30 04:00:00+00:00,-0.01056969539785568
2022-07-01 04:00:00+00:00,-0.0004986302288143534
2022-07-05 04:00:00+00:00,-0.02720858228392351
2022-07-06 04:00:00+00:00,-0.009352551121065707
2022-07-07 04:00:00+00:00,0.02405497779688988
2022-07-08 04:00:00+00:00,-0.001241623116465595
2022-07-11 04:00:00+00:00,-0.008826546624298194
2022-07-12 04:00:00+00:00,-0.010837233397389
2022-07-13 04:00:00+00:00,0.001909334886360779
2022-07-14 04:00:00+00:00,-0.023333162379783258
2022-07-15 04:00:00+00:00,0.01627696911340055
2022-07-18 04:00:00+00:00,0.013493454391987725
2022-07-19 04:00:00+00:00,0.018420085891072576
2022-07-20 04:00:00+00:00,-0.0017461213154562074
2022-07-21 04:00:00+00:00,-0.002663690347690124
2022-07-22 04:00:00+00:00,-0.006562755723123046
2022-07-25 04:00:00+00:00,0.016043475766866717
2022-07-26 04:00:00+00:00,-0.004121072883323447
2022-07-27 04:00:00+00:00,0.018054915910794597
2022-07-28 04:00:00+00:00,-0.005313242712177719
2022-07-29 04:00:00+00:00,0.01805817059206871
2022-08-01 04:00:00+00:00,0.003677724759423082
2022-08-02 04:00:00+00:00,-0.00024171895360527084
2022-08-03 04:00:00+00:00,0.007449573213362081
2022-08-04 04:00:00+00:00,-0.007623817386955752
2022-08-05 04:00:00+00:00,0.006240847113284355
2022-08-08 04:00:00+00:00,0.00752879982065413
2022-08-09 04:00:00+00:00,0.008640917592766598
2022-08-10 04:00:00+00:00,0.005677863062766388
2022-08-11 04:00:00+00:00,0.016402081885988174
2022-08-12 04:00:00+00:00,0.006230933155076006
2022-08-15 04:00:00+00:00,-0.012915762492930053
2022-08-16 04:00:00+00:00,0.0005721839217207516
2022-08-17 04:00:00+00:00,0.0026878233542147103
2022-08-18 04:00:00+00:00,0.009016276629427571
2022-08-19 04:00:00+00:00,-0.010758334320891653
2022-08-22 04:00:00+00:00,6.553755949498838e-05
2022-08-23 04:00:00+00:00,0.013126980584983686
2022-08-24 04:00:00+00:00,-0.006688308568790349
2022-08-25 04:00:00+00:00,0.008432494685859798
2022-08-26 04:00:00+00:00,-0.008711021454560907
2022-08-29 04:00:00+00:00,0.004047110633706264
2022-08-30 04:00:00+00:00,-0.017283100049225023
2022-08-31 04:00:00+00:00,-0.011102994314764275
2022-09-01 04:00:00+00:00,-0.006205325790568348
2022-09-02 04:00:00+00:00,0.008791409976864898
2022-09-06 04:00:00+00:00,-0.00021080813161907728
2022-09-07 04:00:00+00:00,-0.007046376056187291
2022-09-08 04:00:00+00:00,0.0021111743920444116
2022-09-09 04:00:00+00:00,0.019114190384925924
2022-09-12 04:00:00+00:00,0.010245327035245807
2022-09-13 04:00:00+00:00,-0.015111207605626804
2022-09-14 04:00:00+00:00,0.005553845081329906
2022-09-15 04:00:00+00:00,-0.008514439604802693
2022-09-16 04:00:00+00:00,-0.008942250117961058
2022-09-19 04:00:00+00:00,-0.00028342712873213394
2022-09-20 04:00:00+00:00,0.00021084244605730084
2022-09-21 04:00:00+00:00,-0.013577764085395789
2022-09-22 04:00:00+00:00,0.001563181589036894
2022-09-23 04:00:00+00:00,-0.05059363363262412
2022-09-26 04:00:00+00:00,-0.021570785316527417
2022-09-27 04:00:00+00:00,0.004791316507134392
2022-09-28 04:00:00+00:00,0.019375990970570363
2022-09-29 04:00:00+00:00,-0.00163187816811584
2022-09-30 04:00:00+00:00,-0.004555046501902035
2022-10-03 04:00:00+00:00,0.030929891615259785
2022-10-04 04:00:00+00:00,0.030137219721395332
2022-10-05 04:00:00+00:00,-0.002303182389581171
2022-10-06 04:00:00+00:00,-0.011918064044885275
2022-10-07 04:00:00+00:00,-0.004291570319674011
2022-10-10 04:00:00+00:00,-0.014041059050902135
2022-10-11 04:00:00+00:00,-0.013469381211518076
2022-10-12 04:00:00+00:00,0.0013951063309329073
2022-10-13 04:00:00+00:00,0.03072037932373487
2022-10-14 04:00:00+00:00,-0.018937422982832082
2022-10-17 04:00:00+00:00,0.01259895130443843
2022-10-18 04:00:00+00:00,0.0006276887966820553
2022-10-19 04:00:00+00:00,0.0052051007703407615
2022-10-20 04:00:00+00:00,0.0005357822823444764
2022-10-21 04:00:00+00:00,0.013086390963411713
2022-10-24 04:00:00+00:00,0.005217173147452297
2022-10-25 04:00:00+00:00,-0.00227354615028274
2022-10-26 04:00:00+00:00,0.004555807646350607
2022-10-27 04:00:00+00:00,0.01676765057019692
2022-10-28 04:00:00+00:00,0.0012690647643287033
2022-10-31 04:00:00+00:00,-0.00014603188183233277
2022-11-01 04:00:00+00:00,0.0023588126003256608
2022-11-02 04:00:00+00:00,-0.011360988761302074
2022-11-03 04:00:00+00:00,0.002717543097212508
2022-11-04 04:00:00+00:00,0.028342801723780044
2022-11-07 05:00:00+00:00,0.0023331790923130664
2022-11-08 05:00:00+00:00,-0.006586546737655956
2022-11-09 05:00:00+00:00,-0.022430904748466096
2022-11-10 05:00:00+00:00,0.018915684899524603
2022-11-11 05:00:00+00:00,0.016498396027376926
2022-11-14 05:00:00+00:00,-0.005394378549455668
2022-11-15 05:00:00+00:00,0.008593654164166723
2022-11-16 05:00:00+00:00,-0.0006920472546938671
2022-11-17 05:00:00+00:00,0.007582519739541494
2022-11-18 05:00:00+00:00,-0.004491084272160556
2022-11-21 05:00:00+00:00,-0.01208168017765273
2022-11-22 05:00:00+00:00,0.027729255458227617
2022-11-23 05:00:00+00:00,0.004601134965527946
2022-11-25 05:00:00+00:00,0.0047375665604256715
2022-11-28 05:00:00+00:00,-0.010449766508609203
2022-11-29 05:00:00+00:00,0.015107405410882374
2022-11-30 05:00:00+00:00,0.013348374514674913
2022-12-01 05:00:00+00:00,-0.004261510936306954
2022-12-02 05:00:00+00:00,-0.004433389104031836
2022-12-05 05:00:00+00:00,-0.007212002797894308
2022-12-06 05:00:00+00:00,-0.009918484228551527
2022-12-07 05:00:00+00:00,-0.007546496144670807
2022-12-08 05:00:00+00:00,0.002383305044008182
2022-12-09 05:00:00+00:00,-0.004251763901172928
2022-12-12 05:00:00+00:00,0.0080543242677493
2022-12-13 05:00:00+00:00,0.015361146592432172
2022-12-14 05:00:00+00:00,-0.005128187416322024
2022-12-15 05:00:00+00:00,-0.012755984000224523
2022-12-16 05:00:00+00:00,-0.010575946381857904
2022-12-19 05:00:00+00:00,0.0038777460415977336
2022-12-20 05:00:00+00:00,0.005493887958186659
2022-12-21 05:00:00+00:00,0.017403712668004178
2022-12-22 05:00:00+00:00,-0.010243964849089775
2022-12-23 05:00:00+00:00,0.010344419717323696
2022-12-27 05:00:00+00:00,0.0008865414690429226
2022-12-28 05:00:00+00:00,-0.008788362897168146
2022-12-29 05:00:00+00:00,0.004373572912587184
2022-12-30 05:00:00+00:00,0.002770140896699803
2023-01-03 05:00:00+00:00,-0.006581781644780743
2023-01-04 05:00:00+00:00,-0.0011625947525266012
2023-01-05 05:00:00+00:00,0.005682905348019733
2023-01-06 05:00:00+00:00,0.014779229297787806
2023-01-09 05:00:00+00:00,0.004396661324141004
2023-01-10 05:00:00+00:00,0.003326344519586134
2023-01-11 05:00:00+00:00,0.005518161028984029
2023-01-12 05:00:00+00:00,0.008458626064858681
2023-01-13 05:00:00+00:00,0.006592259041952492
2023-01-17 05:00:00+00:00,0.001691782778867156
2023-01-18 05:00:00+00:00,-0.007568667839867789
2023-01-19 05:00:00+00:00,0.003812652543758517
2023-01-20 05:00:00+00:00,0.0031314545923621533
2023-01-23 05:00:00+00:00,0.001676991986112345
2023-01-24 05:00:00+00:00,-0.004847881832174994
2023-01-25 05:00:00+00:00,0.0009618584751030323
2023-01-26 05:00:00+00:00,0.015570919951311813
2023-01-27 05:00:00+00:00,-0.00025060452538453837
2023-01-30 05:00:00+00:00,-0.0033700841538107976
2023-01-31 05:00:00+00:00,0.002433764409002433
2023-02-01 05:00:00+00:00,0.002661838453675331
2023-02-02 05:00:00+00:00,-0.016220522764065007
2023-02-03 05:00:00+00:00,-0.0013531193922340177
2023-02-06 05:00:00+00:00,-0.005088705983716536
2023-02-07 05:00:00+00:00,0.040326120441065594
2023-02-08 05:00:00+00:00,0.00992220051120164
2023-02-09 05:00:00+00:00,0.010724887825779895
2023-02-10 05:00:00+00:00,0.013163243890516228
2023-02-13 05:00:00+00:00,0.002790888353621312
2023-02-14 05:00:00+00:00,0.005143365327355932
2023-02-15 05:00:00+00:00,-0.0025871604190372995
2023-02-16 05:00:00+00:00,0.0043303937509637696
2023-02-17 05:00:00+00:00,-0.010214053005646392
2023-02-21 05:00:00+00:00,0.0018263258743114663
2023-02-22 05:00:00+00:00,-0.01344568272030127
2023-02-23 05:00:00+00:00,0.009399212099265836
2023-02-24 05:00:00+00:00,5.890667834040691e-05
2023-02-27 05:00:00+00:00,0.006452330622070369
2023-02-28 05:00:00+00:00,-0.005672629324119731
2023-03-01 05:00:00+00:00,0.005081833729987493
2023-03-02 05:00:00+00:00,0.0039964349660913286
2023-03-03 05:00:00+00:00,0.002306600162443768
2023-03-06 05:00:00+00:00,0.002453266482483884
2023-03-07 05:00:00+00:00,-0.00989180369659222
2023-03-08 05:00:00+00:00,-0.00010323505772653679
2023-03-09 05:00:00+00:00,-0.008714212480810207
2023-03-10 05:00:00+00:00,-0.011214306816596846
2023-03-13 04:00:00+00:00,-0.015527980403390984
2023-03-14 04:00:00+00:00,0.007224810606854048
2023-03-15 04:00:00+00:00,-0.0381540901854384
2023-03-16 04:00:00+00:00,0.0009459181972003518
2023-03-17 04:00:00+00:00,-0.013725714638288027
2023-03-20 04:00:00+00:00,0.011388871845896298
2023-03-21 04:00:00+00:00,0.021685076494469383
2023-03-22 04:00:00+00:00,-0.0024313444857488632
2023-03-23 04:00:00+00:00,-0.008577076032067662
2023-03-24 04:00:00+00:00,-0.010266773660749948
2023-03-27 04:00:00+00:00,0.01643776710769984
2023-03-28 04:00:00+00:00,0.00568742511372954
2023-03-29 04:00:00+00:00,0.009602136594846324
2023-03-30 04:00:00+00:00,0.005538349926335543
2023-03-31 04:00:00+00:00,-0.00027174210272583885
2023-04-03 04:00:00+00:00,0.027362823969987158
2023-04-04 04:00:00+00:00,-0.006561963928098076
2023-04-05 04:00:00+00:00,0.006381006857582766
2023-04-06 04:00:00+00:00,7.2629322682277e-05
2023-04-10 04:00:00+00:00,0.0023102929557008503
2023-04-11 04:00:00+00:00,0.0010787056577526125
2023-04-12 04:00:00+00:00,0.004566949057158318
2023-04-13 04:00:00+00:00,0.007771995941796292
2023-04-14 04:00:00+00:00,0.00405295566876309
2023-04-17 04:00:00+00:00,-0.003061963447371815
2023-04-18 04:00:00+00:00,0.0018541149328743785
2023-04-19 04:00:00+00:00,-0.006037077473018249
2023-04-20 04:00:00+00:00,-0.0019536872930322907
2023-04-21 04:00:00+00:00,-0.0033464509144531546
2023-04-24 04:00:00+00:00,0.006442921917423929
2023-04-25 04:00:00+00:00,-0.012859107785406054
2023-04-26 04:00:00+00:00,0.0006639630138523683
2023-04-27 04:00:00+00:00,0.004602953733145919
2023-04-28 04:00:00+00:00,0.011874168984288584
2023-05-01 04:00:00+00:00,-0.004517891595023963
2023-05-02 04:00:00+00:00,-0.03133875821517696
2023-05-03 04:00:00+00:00,-0.005323184006810377
2023-05-04 04:00:00+00:00,-0.0031142155572012912
2023-05-05 04:00:00+00:00,0.02122647410717679
2023-05-08 04:00:00+00:00,-0.0013837080495701344
2023-05-09 04:00:00+00:00,-0.0016577537410343043
2023-05-10 04:00:00+00:00,-0.0012135682868137485
2023-05-11 04:00:00+00:00,-0.006004568213430796
2023-05-12 04:00:00+00:00,-0.0015629441157371604
2023-05-15 04:00:00+00:00,0.009547482398340235
2023-05-16 04:00:00+00:00,-0.011807060819263897
2023-05-17 04:00:00+00:00,0.008507538539853332
2023-05-18 04:00:00+00:00,0.0015352822634787818
2023-05-19 04:00:00+00:00,0.001652887648721334
2023-05-22 04:00:00+00:00,-0.00118980239619488
2023-05-23 04:00:00+00:00,0.001278491444896146
2023-05-24 04:00:00+00:00,-0.0074692293705281975
2023-05-25 04:00:00+00:00,-0.006862783649623113
2023-05-26 04:00:00+00:00,0.005259164577150715
2023-05-30 04:00:00+00:00,-0.010028381456367225
2023-05-31 04:00:00+00:00,-0.020229540870504135
2023-06-01 04:00:00+00:00,0.017614243170282665
2023-06-02 04:00:00+00:00,0.016032066790005482
2023-06-05 04:00:00+00:00,-0.004866218106209559
2023-06-06 04:00:00+00:00,0.0018584467219955666
2023-06-07 04:00:00+00:00,0.006004605200430003
2023-06-08 04:00:00+00:00,0.0032571721128463785
2023-06-09 04:00:00+00:00,-0.0042485259577837164
2023-06-12 04:00:00+00:00,-0.009349261373142398
2023-06-13 04:00:00+00:00,0.0069065512939019726
2023-06-14 04:00:00+00:00,0.0023103527536843284
2023-06-15 04:00:00+00:00,0.008968946413060317
2023-06-16 04:00:00+00:00,-0.0005947105866059557
2023-06-20 04:00:00+00:00,-0.0027798950468511333
2023-06-21 04:00:00+00:00,0.004609052192042544
2023-06-22 04:00:00+00:00,-0.00560596694401808
2023-06-23 04:00:00+00:00,-0.008243638079046139
2023-06-26 04:00:00+00:00,0.006619116089136833
2023-06-27 04:00:00+00:00,-0.0013710715570108456
2023-06-28 04:00:00+00:00,-0.0003895871300837685
2023-06-29 04:00:00+00:00,0.0031435447660938267
2023-06-30 04:00:00+00:00,0.007510262956798484
2023-07-03 04:00:00+00:00,0.009609358474731588
2023-07-05 04:00:00+00:00,-0.010220490374726747
2023-07-06 04:00:00+00:00,-0.010930692844665116
2023-07-07 04:00:00+00:00,0.00813756493097672
2023-07-10 04:00:00+00:00,-0.00035142630883895566
2023-07-11 04:00:00+00:00,0.0101820832087279
2023-07-12 04:00:00+00:00,0.01103397630123654
2023-07-13 04:00:00+00:00,0.005726841107789995
2023-07-14 04:00:00+00:00,-0.014070885508737726
2023-07-17 04:00:00+00:00,-7.731894171734261e-05
2023-07-18 04:00:00+00:00,0.007433292534691375
2023-07-19 04:00:00+00:00,0.004867251786103423
2023-07-20 04:00:00+00:00,0.007535683224556634
2023-07-21 04:00:00+00:00,0.0023920039344228557
2023-07-24 04:00:00+00:00,0.00641742165589207
2023-07-25 04:00:00+00:00,0.0010456044381023295
2023-07-26 04:00:00+00:00,-0.0005286650975292866
2023-07-27 04:00:00+00:00,-0.010754500011161672
2023-07-28 04:00:00+00:00,0.003843387190298036
2023-07-31 04:00:00+00:00,0.00802795315197603
2023-08-01 04:00:00+00:00,-0.003150218446662633
2023-08-02 04:00:00+00:00,-0.01890392434360458
2023-08-03 04:00:00+00:00,0.007046770671660745
2023-08-04 04:00:00+00:00,0.0034871430895389503
2023-08-07 04:00:00+00:00,0.00693530568437468
2023-08-08 04:00:00+00:00,-0.002969826051170175
2023-08-09 04:00:00+00:00,0.005195988891872604
2023-08-10 04:00:00+00:00,0.0022932869440254787
2023-08-11 04:00:00+00:00,-0.0006526882909831884
2023-08-14 04:00:00+00:00,-0.006495482769171466
2023-08-15 04:00:00+00:00,-0.013292119693453147
2023-08-16 04:00:00+00:00,-0.005599947728595404
2023-08-17 04:00:00+00:00,0.0018510555231919163
2023-08-18 04:00:00+00:00,0.00100218747694954
2023-08-21 04:00:00+00:00,0.005307708929887742
2023-08-22 04:00:00+00:00,-0.004784332675233539
2023-08-23 04:00:00+00:00,-0.0021926938984075
2023-08-24 04:00:00+00:00,-0.004466002785945675
2023-08-25 04:00:00+00:00,0.005827437513814955
2023-08-28 04:00:00+00:00,0.008708093166989447
2023-08-29 04:00:00+00:00,0.008601683485575324
2023-08-30 04:00:00+00:00,0.0021097553905207343
2023-08-31 04:00:00+00:00,-0.004308516626119689
2023-09-01 04:00:00+00:00,0.012726452712481181
2023-09-05 04:00:00+00:00,0.0011600829864631059
2023-09-06 04:00:00+00:00,0.0037568429211668115
2023-09-07 04:00:00+00:00,-0.004522745058716141
2023-09-08 04:00:00+00:00,0.0026326719504422462
2023-09-11 04:00:00+00:00,0.002819433530678421
2023-09-12 04:00:00+00:00,-0.0030486966895745702
2023-09-13 04:00:00+00:00,0.004376367435063753
2023-09-14 04:00:00+00:00,0.015353661652707193
2023-09-15 04:00:00+00:00,-0.0061212102376508705
2023-09-18 04:00:00+00:00,-0.0018635141854950502
2023-09-19 04:00:00+00:00,0.004256887740223341
2023-09-20 04:00:00+00:00,-0.004594656370891881
2023-09-21 04:00:00+00:00,-0.00691088780680949
2023-09-22 04:00:00+00:00,0.0045816990269246845
2023-09-25 04:00:00+00:00,0.0035758855688000704
2023-09-26 04:00:00+00:00,-0.0055119386834909904
2023-09-27 04:00:00+00:00,0.011198063087805606
2023-09-28 04:00:00+00:00,0.003691803212831138
2023-09-29 04:00:00+00:00,-0.010403358320910957
2023-10-02 04:00:00+00:00,-0.012498943406329115
2023-10-03 04:00:00+00:00,-0.002343318688073044
2023-10-04 04:00:00+00:00,-0.014919894480904555
2023-10-05 04:00:00+00:00,0.00398481530055185
2023-10-06 04:00:00+00:00,0.016516617039885884
2023-10-09 04:00:00+00:00,0.01233722415323811
2023-10-10 04:00:00+00:00,0.006748046135533244
2023-10-11 04:00:00+00:00,0.001841548682544564
2023-10-12 04:00:00+00:00,0.00437204307666126
2023-10-13 04:00:00+00:00,0.006072279332877922
2023-10-16 04:00:00+00:00,0.005720800823351404
2023-10-17 04:00:00+00:00,0.006532436455108565
2023-10-18 04:00:00+00:00,-0.003726398523107367
2023-10-19 04:00:00+00:00,-0.007340794891940301
2023-10-20 04:00:00+00:00,-0.01552868595032244
2023-10-23 04:00:00+00:00,-0.007177422383370662
2023-10-24 04:00:00+00:00,-0.0009114020263537598
2023-10-25 04:00:00+00:00,0.0013485059243355186
2023-10-26 04:00:00+00:00,-0.005724390364779336
2023-10-27 04:00:00+00:00,-0.00440013384687316
2023-10-30 04:00:00+00:00,-0.0050370439566039885
2023-10-31 04:00:00+00:00,-0.017764742098729063
2023-11-01 04:00:00+00:00,-0.004096028524375777
2023-11-02 04:00:00+00:00,0.0186851266576663
2023-11-03 04:00:00+00:00,-0.00782044099697426
2023-11-06 05:00:00+00:00,0.004516085309248588
2023-11-07 05:00:00+00:00,-0.011732437313290463
2023-11-08 05:00:00+00:00,-0.00824796457073562
2023-11-09 05:00:00+00:00,0.0019257288722374034
2023-11-10 05:00:00+00:00,0.007780985485050634
2023-11-13 05:00:00+00:00,0.009446795054695045
2023-11-14 05:00:00+00:00,0.006155285135401605
2023-11-15 05:00:00+00:00,-0.000789782442467715
2023-11-16 05:00:00+00:00,-0.00897023320355157
2023-11-17 05:00:00+00:00,0.011200170778616247
2023-11-20 05:00:00+00:00,0.005786083985763286
2023-11-21 05:00:00+00:00,-0.002562684527432845
2023-11-22 05:00:00+00:00,-0.008540757526270818
2023-11-24 05:00:00+00:00,0.009701239476454682
2023-11-27 05:00:00+00:00,0.0009622182313303655
2023-11-28 05:00:00+00:00,0.00043639852411601963
2023-11-29 05:00:00+00:00,-0.0010292649102154904
2023-11-30 05:00:00+00:00,0.004530094651033263
2023-12-01 05:00:00+00:00,-0.0023180802568413435
2023-12-04 05:00:00+00:00,-0.006833610901445504
2023-12-05 05:00:00+00:00,-0.005079407289466369
2023-12-06 05:00:00+00:00,-0.005615774768855275
2023-12-07 05:00:00+00:00,0.0006672587463703275
2023-12-08 05:00:00+00:00,0.01053187329686172
2023-12-11 05:00:00+00:00,-0.0026515414081555466
2023-12-12 05:00:00+00:00,-0.002853565279698645
2023-12-13 05:00:00+00:00,0.006302241576464937
2023-12-14 05:00:00+00:00,0.011804417470969374
2023-12-15 05:00:00+00:00,-0.01622979729273374
2023-12-18 05:00:00+00:00,0.005940259448223476
2023-12-19 05:00:00+00:00,0.006539411468530569
2023-12-20 05:00:00+00:00,-0.007541910117407248
2023-12-21 05:00:00+00:00,0.009632333624579003
2023-12-22 05:00:00+00:00,0.001255464755220427
2023-12-26 05:00:00+00:00,0.005954755507322438
2023-12-27 05:00:00+00:00,0.0016765644996838988
2023-12-28 05:00:00+00:00,-0.0061500987617918975
2023-12-29 05:00:00+00:00,0.00125356564401083
2024-01-02 05:00:00+00:00,-0.0007694097941569087
2024-01-03 05:00:00+00:00,0.0060399157798465665
2024-01-04 05:00:00+00:00,-0.0025092301568920834
2024-01-05 05:00:00+00:00,0.004064651109521268
2024-01-08 05:00:00+00:00,-0.004139551121447692
2024-01-09 05:00:00+00:00,-0.010458678070066244
2024-01-10 05:00:00+00:00,-0.002546411446942764
2024-01-11 05:00:00+00:00,-0.005495362252374875
2024-01-12 05:00:00+00:00,0.0038852306243629875
2024-01-16 05:00:00+00:00,-0.01581386717654082
2024-01-17 05:00:00+00:00,-0.0075658086338906486
2024-01-18 05:00:00+00:00,0.00435271307150143
2024-01-19 05:00:00+00:00,-0.0007286492338339562
2024-01-22 05:00:00+00:00,0.0066015420358875665
2024-01-23 05:00:00+00:00,0.0007852630409447725
2024-01-24 05:00:00+00:00,0.005651342599376476
2024-01-25 05:00:00+00:00,0.010177987986854462
2024-01-26 05:00:00+00:00,0.009241667633772547
2024-01-29 05:00:00+00:00,0.0013859927148302793
2024-01-30 05:00:00+00:00,0.0044613644586838554
2024-01-31 05:00:00+00:00,-0.013912042469980629
2024-02-01 05:00:00+00:00,0.004263058097189016
2024-02-02 05:00:00+00:00,-0.006194881147552443
2024-02-05 05:00:00+00:00,-0.0053518919240362565
2024-02-06 05:00:00+00:00,0.029145344073796115
2024-02-07 05:00:00+00:00,-0.0017618857982392541
2024-02-08 05:00:00+00:00,-0.002129016397695917
2024-02-09 05:00:00+00:00,0.0017628572749917725
2024-02-12 05:00:00+00:00,0.0006426354750556706
2024-02-13 05:00:00+00:00,-0.007386499891698118
2024-02-14 05:00:00+00:00,0.0006054199118087707
2024-02-15 05:00:00+00:00,0.007612641171363054
2024-02-16 05:00:00+00:00,-0.0003843954236478369
2024-02-20 05:00:00+00:00,0.0008897549643096
2024-02-21 05:00:00+00:00,-0.008925619943780284
2024-02-22 05:00:00+00:00,0.0015758043639677159
2024-02-23 05:00:00+00:00,0.0006609268081961405
2024-02-26 05:00:00+00:00,-0.0022808956660627577
2024-02-27 05:00:00+00:00,0.002624059981116557
2024-02-28 05:00:00+00:00,-0.005988969876149784
2024-02-29 05:00:00+00:00,0.004220406787718604
2024-03-01 05:00:00+00:00,0.008720520209907396
2024-03-04 05:00:00+00:00,-0.0015765543418988213
2024-03-05 05:00:00+00:00,0.0012108428687687511
2024-03-06 05:00:00+00:00,0.01034514818154423
2024-03-07 05:00:00+00:00,0.002734059085078858
2024-03-08 05:00:00+00:00,-0.0024617574629580757
2024-03-11 04:00:00+00:00,-0.00045280783175938246
2024-03-12 04:00:00+00:00,0.007080322804419097
2024-03-13 04:00:00+00:00,0.009028501601218089
2024-03-14 04:00:00+00:00,-0.0001342732814377601
2024-03-15 04:00:00+00:00,0.0024583090447218015
2024-03-18 04:00:00+00:00,0.005254605938973129
2024-03-19 04:00:00+00:00,0.002052345580011318
2024-03-20 04:00:00+00:00,0.004533145882879281
2024-03-21 04:00:00+00:00,0.0004204874953966321
2024-03-22 04:00:00+00:00,0.0009175019843973683
2024-03-25 04:00:00+00:00,0.005440705228003457
2024-03-26 04:00:00+00:00,-0.007624078450994225
2024-03-27 04:00:00+00:00,-0.0029935879597388308
2024-03-28 04:00:00+00:00,0.004506130140720467
2024-04-01 04:00:00+00:00,0.003802490523541993
2024-04-02 04:00:00+00:00,0.009642010332467992
2024-04-03 04:00:00+00:00,0.005613799034264477
2024-04-04 04:00:00+00:00,-0.004942597105886381
2024-04-05 04:00:00+00:00,0.007586389148337638
2024-04-08 04:00:00+00:00,0.004545499743146934
2024-04-09 04:00:00+00:00,0.004786211345516726
2024-04-10 04:00:00+00:00,0.004123767273425616
2024-04-11 04:00:00+00:00,-1.6334360595343742e-05
2024-04-12 04:00:00+00:00,-0.004975860915655128
2024-04-15 04:00:00+00:00,-0.005746269500295829
2024-04-16 04:00:00+00:00,-0.0093738387805401
2024-04-17 04:00:00+00:00,-0.001715687464266305
2024-04-18 04:00:00+00:00,-0.003320196480730884
2024-04-19 04:00:00+00:00,0.007555671138588346
2024-04-22 04:00:00+00:00,0.009773789520473974
2024-04-23 04:00:00+00:00,0.006780906223294857
2024-04-24 04:00:00+00:00,0.00040428897033053396
2024-04-25 04:00:00+00:00,0.003165360375466637
2024-04-26 04:00:00+00:00,-2.312248119559361e-05
2024-04-29 04:00:00+00:00,0.0012968704637319334
2024-04-30 04:00:00+00:00,-0.005304939147873462
2024-05-01 04:00:00+00:00,-0.00662456412727526
2024-05-02 04:00:00+00:00,0.010491608890960381
2024-05-03 04:00:00+00:00,0.001845512829149804
2024-05-06 04:00:00+00:00,0.00641386276806359
2024-05-07 04:00:00+00:00,-0.013728886120753906
2024-05-08 04:00:00+00:00,0.0006031984187646757
2024-05-09 04:00:00+00:00,0.0060496927877684
2024-05-10 04:00:00+00:00,-0.0006742950790542823
2024-05-13 04:00:00+00:00,0.004300058620103689
2024-05-14 04:00:00+00:00,0.0016834349828143127
2024-05-15 04:00:00+00:00,-0.0016547591777607217
2024-05-16 04:00:00+00:00,-0.004767311801814356
2024-05-17 04:00:00+00:00,0.00498444606572468
2024-05-20 04:00:00+00:00,-0.003927595533697209
2024-05-21 04:00:00+00:00,-0.0006409683760377886
2024-05-22 04:00:00+00:00,-0.008117730252252485
2024-05-23 04:00:00+00:00,-0.003769508361653109
2024-05-24 04:00:00+00:00,0.0068514110753475875
2024-05-28 04:00:00+00:00,0.00808178256294198
2024-05-29 04:00:00+00:00,-0.005502304675037008
2024-05-30 04:00:00+00:00,-0.0004611256897358732
2024-05-31 04:00:00+00:00,0.01093601285289526
2024-06-03 04:00:00+00:00,-0.014109363776210755
2024-06-04 04:00:00+00:00,-0.011159199633343627
2024-06-05 04:00:00+00:00,-0.003049765239913969
2024-06-06 04:00:00+00:00,0.0034914551509859356
2024-06-07 04:00:00+00:00,-0.0036519199469831924
2024-06-10 04:00:00+00:00,0.009873629286216792
2024-06-11 04:00:00+00:00,-0.007088011218839611
2024-06-12 04:00:00+00:00,0.0019184699721621857
2024-06-13 04:00:00+00:00,-0.007088911496689816
2024-06-14 04:00:00+00:00,-0.004371261137423844
2024-06-17 04:00:00+00:00,0.005386559530053899
2024-06-18 04:00:00+00:00,0.0041949398613832945
2024-06-20 04:00:00+00:00,0.006304046364836616
2024-06-21 04:00:00+00:00,-0.005238005343400878
2024-06-24 04:00:00+00:00,0.012340275535958534
2024-06-25 04:00:00+00:00,-0.002026865546303845
2024-06-26 04:00:00+00:00,-0.005098245176235259
2024-06-27 04:00:00+00:00,0.003912109349873271
2024-06-28 04:00:00+00:00,0.001375978911231056
2024-07-01 04:00:00+00:00,0.006133655738400803
2024-07-02 04:00:00+00:00,0.005578119316303199
2024-07-03 04:00:00+00:00,0.002240577987568803
2024-07-05 04:00:00+00:00,0.00011242971692134568
2024-07-08 04:00:00+00:00,-0.00617897463600774
2024-07-09 04:00:00+00:00,-0.020411257953233987
2024-07-10 04:00:00+00:00,0.00358992389160641
2024-07-11 04:00:00+00:00,0.0016122697178004082
2024-07-12 04:00:00+00:00,0.003957109030771618
2024-07-15 04:00:00+00:00,-0.0034757237346851218
2024-07-16 04:00:00+00:00,-0.00019263441759881383
2024-07-17 04:00:00+00:00,0.005531739602099416
2024-07-18 04:00:00+00:00,-0.000509391524374476
2024-07-19 04:00:00+00:00,-0.0048939118205197744
2024-07-22 04:00:00+00:00,0.002831326673220738
2024-07-23 04:00:00+00:00,-0.0064426884761085695
2024-07-24 04:00:00+00:00,-0.007111096453417067
2024-07-25 04:00:00+00:00,0.006903572859475438
2024-07-26 04:00:00+00:00,0.0035983378047585793
2024-07-29 04:00:00+00:00,-0.0032968710363667987
2024-07-30 04:00:00+00:00,-0.0010634666221716277
2024-07-31 04:00:00+00:00,0.015973642006069995
2024-08-01 04:00:00+00:00,-0.018124871382330664
2024-08-02 04:00:00+00:00,-0.015562364773645363
2024-08-05 04:00:00+00:00,-0.021372688854739644
2024-08-06 04:00:00+00:00,0.0009929123340720646
2024-08-07 04:00:00+00:00,0.002662039721298121
2024-08-08 04:00:00+00:00,0.010518621933495677
2024-08-09 04:00:00+00:00,0.005547671982977095
2024-08-12 04:00:00+00:00,0.005198241481988107
2024-08-13 04:00:00+00:00,0.004414872528444072
2024-08-14 04:00:00+00:00,0.0019274716731645764
2024-08-15 04:00:00+00:00,0.009499723449437466
2024-08-16 04:00:00+00:00,0.0020860934327399812
2024-08-19 04:00:00+00:00,0.0044055206484079614
2024-08-20 04:00:00+00:00,-0.01377750555682175
2024-08-21 04:00:00+00:00,0.003811530234394933
2024-08-22 04:00:00+00:00,-0.0013597439425084012
2024-08-23 04:00:00+00:00,0.01220414457490561
2024-08-26 04:00:00+00:00,0.004163402154993868
2024-08-27 04:00:00+00:00,0.0012799529278418487
2024-08-28 04:00:00+00:00,-0.003945957255712159
2024-08-29 04:00:00+00:00,0.004297470210280888
2024-08-30 04:00:00+00:00,-0.0047138059210450846
2024-09-03 04:00:00+00:00,-0.021688443061281815
2024-09-04 04:00:00+00:00,-0.006409161546605799
2024-09-05 04:00:00+00:00,-6.993605872218211e-05
2024-09-06 04:00:00+00:00,-0.012770494667912725
2024-09-09 04:00:00+00:00,0.004008828459532251
2024-09-10 04:00:00+00:00,-0.01235122018316228
2024-09-11 04:00:00+00:00,0.0033561943581195534
2024-09-12 04:00:00+00:00,0.006885913428943421
2024-09-13 04:00:00+00:00,0.005793798325915619
2024-09-16 04:00:00+00:00,0.007084548669301438
2024-09-17 04:00:00+00:00,0.00338591217349637
2024-09-18 04:00:00+00:00,-0.0007744227401138967
2024-09-19 04:00:00+00:00,0.010235657203997914
2024-09-20 04:00:00+00:00,-0.004080853807282934
2024-09-23 04:00:00+00:00,0.006841323312072378
2024-09-24 04:00:00+00:00,0.0010191142270240215
2024-09-25 04:00:00+00:00,-0.017984733453773764
2024-09-26 04:00:00+00:00,-0.01027019251196685
2024-09-27 04:00:00+00:00,0.008373986632051883
2024-09-30 04:00:00+00:00,-0.0015536117160371602
2024-10-01 04:00:00+00:00,0.007422713455866708
2024-10-02 04:00:00+00:00,0.006680727544667343
2024-10-03 04:00:00+00:00,0.0024734041695176987
2024-10-04 04:00:00+00:00,0.008647469611791057
2024-10-07 04:00:00+00:00,0.004193711572696735
2024-10-08 04:00:00+00:00,-0.021123501881829806
2024-10-09 04:00:00+00:00,0.001041434155404607
2024-10-10 04:00:00+00:00,0.005728138911055491
2024-10-11 04:00:00+00:00,-0.002367798252661185
2024-10-14 04:00:00+00:00,-0.0007179440215586525
2024-10-15 04:00:00+00:00,-0.0215049061096897
2024-10-16 04:00:00+00:00,0.004889217781088565
2024-10-17 04:00:00+00:00,0.007172467676266138
2024-10-18 04:00:00+00:00,0.0014530458987244595
2024-10-21 04:00:00+00:00,-0.00015055994085682472
2024-10-22 04:00:00+00:00,0.0029908584330515424
2024-10-23 04:00:00+00:00,-0.0064772163966098206
2024-10-24 04:00:00+00:00,0.0011785012762899549
2024-10-25 04:00:00+00:00,0.003079878002205068
2024-10-28 04:00:00+00:00,-0.0039038758947138345
2024-10-29 04:00:00+00:00,-0.01820117049743889
2024-10-30 04:00:00+00:00,-0.005083587042167498
2024-10-31 04:00:00+00:00,0.005619504835240167
2024-11-01 04:00:00+00:00,-0.0011487744471525352
2024-11-04 05:00:00+00:00,0.00863162985971351
2024-11-05 05:00:00+00:00,0.007288372112417884
2024-11-06 05:00:00+00:00,0.00475531527845551
2024-11-07 05:00:00+00:00,0.004050347408089097
2024-11-08 05:00:00+00:00,-0.019946419023995018
2024-11-11 05:00:00+00:00,0.0010229833432242562
2024-11-12 05:00:00+00:00,-0.015002586766591584
2024-11-13 05:00:00+00:00,0.007182439381914719
2024-11-14 05:00:00+00:00,0.006510021411812284
2024-11-15 05:00:00+00:00,0.0012160727004918007
2024-11-18 05:00:00+00:00,0.010339296557857558
2024-11-19 05:00:00+00:00,-0.005304582591099373
2024-11-20 05:00:00+00:00,-0.00075161795104317
2024-11-21 05:00:00+00:00,0.008308005602421262
2024-11-22 05:00:00+00:00,0.0015337717751295764
2024-11-25 05:00:00+00:00,-0.0045488184032946855
2024-11-26 05:00:00+00:00,-0.005183497280140234
2024-11-27 05:00:00+00:00,0.003508469028774216
2024-11-29 05:00:00+00:00,0.0036103850786649103
2024-12-02 05:00:00+00:00,-0.004205825124266805
2024-12-03 05:00:00+00:00,0.009525580522935874
2024-12-04 05:00:00+00:00,-0.00564723778948254
2024-12-05 05:00:00+00:00,0.00266133059951086
2024-12-06 05:00:00+00:00,-0.008908670769036045
2024-12-09 05:00:00+00:00,0.02237354758690364
2024-12-10 05:00:00+00:00,-0.0002968564821804431
2024-12-11 05:00:00+00:00,0.005942854970080095
2024-12-12 05:00:00+00:00,-0.004124532535624654
2024-12-13 05:00:00+00:00,-0.0021293142803034894
2024-12-16 05:00:00+00:00,-0.01532168248010333
2024-12-17 05:00:00+00:00,0.0011390088342596227
2024-12-18 05:00:00+00:00,-0.014564850916244473
2024-12-19 05:00:00+00:00,-0.0008069779578782155
2024-12-20 05:00:00+00:00,0.004055463181198626
2024-12-23 05:00:00+00:00,0.005185804214470974
2024-12-24 05:00:00+00:00,0.004061350838931584
2024-12-26 05:00:00+00:00,0.0008260416738263865
2024-12-27 05:00:00+00:00,0.0011845452338640412
2024-12-30 05:00:00+00:00,0.0017054779794722081
2024-12-31 05:00:00+00:00,0.007414639164009139
2025-01-02 05:00:00+00:00,0.003150090634805754
2025-01-03 05:00:00+00:00,0.012119869739933255
2025-01-06 05:00:00+00:00,0.008903728778595686
2025-01-07 05:00:00+00:00,0.009945524206357689
2025-01-08 05:00:00+00:00,-0.0087938443701552
2025-01-10 05:00:00+00:00,0.0010513344260607426
2025-01-13 05:00:00+00:00,-0.0016923259488481036
2025-01-14 05:00:00+00:00,0.0011677357848805495
2025-01-15 05:00:00+00:00,0.007549250215608336
2025-01-16 05:00:00+00:00,0.00861333893436669
2025-01-17 05:00:00+00:00,-0.00015405955612933462
2025-01-21 05:00:00+00:00,0.0016125133247837497
2025-01-22 05:00:00+00:00,-0.007206426010176738
2025-01-23 05:00:00+00:00,0.007911738719286032
2025-01-24 05:00:00+00:00,-0.002935156129740401
2025-01-27 05:00:00+00:00,0.000778190662459397
2025-01-28 05:00:00+00:00,-0.003918288678081553
2025-01-29 05:00:00+00:00,0.00019419232846365096
2025-01-30 05:00:00+00:00,0.01125317650652883
2025-01-31 05:00:00+00:00,-0.009251277750292216
2025-02-03 05:00:00+00:00,-0.007503644526312375
2025-02-04 05:00:00+00:00,0.014974860598834468
2025-02-05 05:00:00+00:00,0.0016310128488247412
2025-02-06 05:00:00+00:00,0.005955328225924149
2025-02-07 05:00:00+00:00,0.002983460222415096
2025-02-10 05:00:00+00:00,0.03007111275584825
2025-02-11 05:00:00+00:00,0.005730072559415749
2025-02-12 05:00:00+00:00,0.0018284439177119706
2025-02-13 05:00:00+00:00,0.00021071556587185414
2025-02-14 05:00:00+00:00,0.006467587248049417
2025-02-18 05:00:00+00:00,0.010063952145678326
2025-02-19 05:00:00+00:00,-0.008456651750399115
2025-02-20 05:00:00+00:00,-0.0006118723046243208
2025-02-21 05:00:00+00:00,-0.0070002679526911535
2025-02-24 05:00:00+00:00,-0.002918416879064192
2025-02-25 05:00:00+00:00,-0.000514770554700424
2025-02-26 05:00:00+00:00,-0.004446904084518205
2025-02-27 05:00:00+00:00,0.0036022114862646077
2025-02-28 05:00:00+00:00,0.006654562783802685
2025-03-03 05:00:00+00:00,-0.017827878653212823
2025-03-04 05:00:00+00:00,-0.005875011483139722
2025-03-05 05:00:00+00:00,0.009691330643665771
2025-03-06 05:00:00+00:00,-0.00911180843823897
2025-03-07 05:00:00+00:00,0.0071970049020920685
2025-03-10 04:00:00+00:00,-0.007088406132517848
2025-03-11 04:00:00+00:00,-0.004158365322612977
2025-03-12 04:00:00+00:00,0.0049629194599422
2025-03-13 04:00:00+00:00,0.0010774249621634082
2025-03-14 04:00:00+00:00,0.020459538856026985
2025-03-17 04:00:00+00:00,0.00920913242222791
2025-03-18 04:00:00+00:00,0.008099860956811072
2025-03-19 04:00:00+00:00,0.007001094117032988
2025-03-20 04:00:00+00:00,-0.001186572525538021
2025-03-21 04:00:00+00:00,-0.002793460969828614
2025-03-24 04:00:00+00:00,-0.0024094367539847076
2025-03-25 04:00:00+00:00,0.004511115986520139
2025-03-26 04:00:00+00:00,0.0018663147512688156
2025-03-27 04:00:00+00:00,1.3436926570558423e-05
2025-03-28 04:00:00+00:00,-0.010538878225162994
2025-03-31 04:00:00+00:00,-0.0003125930283369831
2025-04-01 04:00:00+00:00,-3.395455088505794e-05
2025-04-02 04:00:00+00:00,0.002305260229650038
2025-04-03 04:00:00+00:00,-0.05013173319372191
2025-04-04 04:00:00+00:00,-0.06248139717699849
2025-04-07 04:00:00+00:00,-0.02446590639289982
2025-04-08 04:00:00+00:00,-0.026827965594408167
2025-04-09 04:00:00+00:00,0.053074079685707404
2025-04-10 04:00:00+00:00,-0.037373787675471365
2025-04-11 04:00:00+00:00,0.016749195093145063
2025-04-14 04:00:00+00:00,0.010094809872498788
2025-04-15 04:00:00+00:00,0.008350217905321545
2025-04-16 04:00:00+00:00,0.005862974996663844
2025-04-17 04:00:00+00:00,0.012961375204221932
2025-04-21 04:00:00+00:00,-0.007384946780379804
2025-04-22 04:00:00+00:00,0.020443499079378306
2025-04-23 04:00:00+00:00,0.002875998235317061
2025-04-24 04:00:00+00:00,0.0077169209919991195
2025-04-25 04:00:00+00:00,0.005554484845990536
2025-04-28 04:00:00+00:00,0.0006006080843029682
2025-04-29 04:00:00+00:00,-0.011457523269834362
2025-04-30 04:00:00+00:00,-0.013794972208674757
2025-05-01 04:00:00+00:00,0.0047073834029456715
2025-05-02 04:00:00+00:00,0.011829280954347151
2025-05-05 04:00:00+00:00,0.012764208521200035
2025-05-06 04:00:00+00:00,-0.011527796137536349
2025-05-07 04:00:00+00:00,-0.004259538307342504
2025-05-08 04:00:00+00:00,0.008445840949642
2025-05-09 04:00:00+00:00,0.019811201916633377
2025-05-12 04:00:00+00:00,0.013484850616165531
2025-05-13 04:00:00+00:00,0.007881755704253864
2025-05-14 04:00:00+00:00,-0.0033692265528570907
2025-05-15 04:00:00+00:00,-0.0008152655728102792
2025-05-16 04:00:00+00:00,0.0026664620462243504
2025-05-19 04:00:00+00:00,-0.0024045132947944038
2025-05-20 04:00:00+00:00,-0.0022081914119490903
2025-05-21 04:00:00+00:00,-0.00796264939835051
2025-05-22 04:00:00+00:00,0.00048575488440866075
2025-05-23 04:00:00+00:00,0.0016137084649974073
2025-05-27 04:00:00+00:00,0.00327136059986312
2025-05-28 04:00:00+00:00,-0.005401083228861665
2025-05-29 04:00:00+00:00,0.005658632990921977
2025-05-30 04:00:00+00:00,-0.0009550761368936118
2025-06-02 04:00:00+00:00,0.010883225233337589
2025-06-03 04:00:00+00:00,-0.0006498182978903625
2025-06-04 04:00:00+00:00,-0.009479981125731243
2025-06-05 04:00:00+00:00,0.002558161040159394
2025-06-06 04:00:00+00:00,0.0062202009677790535
2025-06-09 04:00:00+00:00,0.003711562640746933
2025-06-10 04:00:00+00:00,0.011823918587078165
2025-06-11 04:00:00+00:00,0.008545851200042207
2025-06-12 04:00:00+00:00,0.004520973890281896
2025-06-13 04:00:00+00:00,0.008299242220192765
2025-06-16 04:00:00+00:00,-0.0064036983265648205
2025-06-17 04:00:00+00:00,0.003093511207671791
2025-06-18 04:00:00+00:00,-0.004125852570783062
2025-06-20 04:00:00+00:00,-0.00014037630212420174
2025-06-23 04:00:00+00:00,-0.011619037014572682
2025-06-24 04:00:00+00:00,-0.001425019312522367
2025-06-25 04:00:00+00:00,0.006663209479972705
2025-06-26 04:00:00+00:00,0.0011969638102274798
2025-06-27 04:00:00+00:00,0.0021847463099895726
2025-06-30 04:00:00+00:00,-0.0056384181095320215
2025-07-01 04:00:00+00:00,0.007397692904817298
2025-07-02 04:00:00+00:00,0.01362170162336275
2025-07-03 04:00:00+00:00,-0.004209423869451766
2025-07-07 04:00:00+00:00,-0.011693967765117112
2025-07-08 04:00:00+00:00,0.017264063658940093
2025-07-09 04:00:00+00:00,0.0026760475169462774
2025-07-10 04:00:00+00:00,0.006200069908108504
2025-07-11 04:00:00+00:00,0.011330334919741837
2025-07-14 04:00:00+00:00,-0.00596363688512783
2025-07-15 04:00:00+00:00,-0.005978059950131814
2025-07-16 04:00:00+00:00,0.003421795014395474
2025-07-17 04:00:00+00:00,0.0041200391735370856
2025-07-18 04:00:00+00:00,-0.0022803220465455413
2025-07-21 04:00:00+00:00,0.005284580812937633
2025-07-22 04:00:00+00:00,0.006113622394335745
2025-07-23 04:00:00+00:00,0.008142985351976596
2025-07-24 04:00:00+00:00,-0.007776524180188895
2025-07-25 04:00:00+00:00,0.0007158721675423204
2025-07-28 04:00:00+00:00,0.0052255440938412554
2025-07-29 04:00:00+00:00,0.006049048383455381
2025-07-30 04:00:00+00:00,-0.019178019824818433
2025-07-31 04:00:00+00:00,-0.0012564423892667377
2025-08-01 04:00:00+00:00,-0.006555627529065534
2025-08-04 04:00:00+00:00,0.011797373376438674
2025-08-05 04:00:00+00:00,0.014688390718771203
2025-08-06 04:00:00+00:00,0.005647619584988892
2025-08-07 04:00:00+00:00,0.0031603416551430636
2025-08-08 04:00:00+00:00,0.0026201016121582235
2025-08-11 04:00:00+00:00,-0.0014688721050904105
2025-08-12 04:00:00+00:00,0.0057449582705101955
2025-08-13 04:00:00+00:00,0.003964015658868853
2025-08-14 04:00:00+00:00,0.005796972093153035
2025-08-15 04:00:00+00:00,-0.0014252450200022044
2025-08-18 04:00:00+00:00,-0.0034665518429809563
2025-08-19 04:00:00+00:00,-0.0034621028173794847
